,ProductId,ProductName,SKU,Price,DiscountedPrice,BrandId,CategoryId
0,SSIY7ZMP,Than Condition,HW4XYRRZ5EYI,493.57,493.57,,
1,MCR9LYZ9,Memory Where,KR3VSBWVKHFR,476.52,476.52,,
2,YIXPV6FR,Reduce I,SKUUBNFS8FCZ,472.31,472.31,,
3,ZALZSS4U,Left Whole,W1H1SBK1DQ57,407.74,407.74,,
4,KDZA6L77,Quickly Dark,GNYYLT91SYLN,412.45,412.45,,
5,S377UOIH,Eight Congress,C5UGHUQKG2JD,143.57,143.57,,
6,K83LV6YK,Stuff Sister,VQBGQR72W1EU,250.13,250.13,,
7,3VU19X94,Never Woman,IYD14U9RZSI2,450.96,450.96,,
8,67IEEV4Z,Suggest Small,44UE5CJJGSVN,410.24,410.24,,
9,IEL2OUJX,Available Return,ITRRVQ17PHGX,302.96,302.96,,
10,521KFFW8,Practice Yeah,4174M6I145JY,52.96,52.96,,
11,L544FPT2,Positive Probably,U2TQ3F1U5JNX,164.62,164.62,,
12,BLU9CZBI,Story Treatment,B79FZQQMHLP4,146.25,146.25,,
13,B9C8W5O6,Organization Involve,U7GKSD361BDM,384.11,384.11,,
14,SFALI5R1,Third Whom,PUNSZUL61D4P,99.91,99.91,,
15,A0JBJIIG,Term Itself,JMAC525V9TVA,199.49,199.49,,
16,W7FIXABP,This Operation,JOCAZKXJ1H40,163.29,163.29,,
17,EK4X7GG4,Part To,LXSR4TJGBFH7,169.51,169.51,,
18,1JTL5350,Quickly Loss,B10GNEVHKIV4,364.82,364.82,,
19,Z0UODJR5,Allow Drop,0JWL142F0RL6,251.52,251.52,,
20,ZM5HVR3J,Red Board,ORJG88G3BY3A,59.04,59.04,,
21,1UWTXNG4,Western Tax,MPEUXNF8743V,431.43,431.43,,
22,KLAH0YED,Page Should,7FT9O671ZFZT,213.68,213.68,,
23,YWG66IA1,Rich Good,DMTN12JFEO3X,478.77,478.77,,
24,E7DF46GB,Year Explain,OV8FXRQZ27SC,267.58,267.58,,
25,L0A0YOGQ,Car Early,HY2OEUUVARL3,209.15,209.15,,
26,68QN2YZE,Agency Science,ORV6AYF8YPEK,347.12,347.12,,
27,5INYEG6Q,Brother Fund,Z4KGL84S8O8G,207.04,207.04,,
28,N7P462P4,Crime Important,SI5OLEOJW7UX,250.36,250.36,,
29,QILZDHSC,Field Hand,KFB8BSYYR6II,246.5,246.5,,
30,DK0OBT0S,Quality News,1B5BKQ5LLXAG,420.26,420.26,,
31,QAB3NFSU,Deal Senior,R7AAZT0IA6BE,104.5,104.5,,
32,7XUO9JII,Serve Natural,XIOGRLWWBU1R,297.91,297.91,,
33,S3OBCNYG,Tell Staff,7CVJ1U3WLKF0,280.01,280.01,,
34,C1FCK4HD,Stay Past,HR9P4H4FMUUM,166.42,166.42,,
35,3NVXE1KR,Over Sometimes,HD12Q8WCENL8,368.73,368.73,,
36,4KUX8Y35,All Account,4YQSN4X9066Q,73.28,73.28,,
37,6SW9Z516,Prevent Too,LA92ZKH9H7ST,393.16,393.16,,
38,W3D6XEX4,Region Sure,EV3MC5JY4JQA,33.04,33.04,,
39,BO3J0F8X,Serve Quality,NPWWJ95IO4HF,318.35,318.35,,
40,SBQKZ740,Rise Get,Z4HF4V4IY96Y,44.84,44.84,,
41,C7XDEV6D,Final Quite,WAZY87XHC569,432.14,432.14,,
42,YEQ6Y959,As I,T0VTUDO3JWWF,484.02,484.02,,
43,1ILJNCPB,Wish Not,EFXFG6KQHKRI,259.64,259.64,,
44,XM0W5H99,Relate War,16O3WSK5658J,87.82,87.82,,
45,SYV39QCL,Expect Read,9UZIT4RDMMP4,440.93,440.93,,
46,SRMXFT8L,Find Quality,IW7OQX45XPXL,37.25,37.25,,
47,ZIJWCPB3,No Force,RB4YI0BQV8SA,369.44,369.44,,
48,C2SXP08T,Never Consumer,5R7WS6P1GH4G,138.75,138.75,,
49,5XUDPDIX,Congress Sound,SA8345IN7ZKU,320.33,320.33,,
50,LCP3YLF1,Here Work,115KIX59X319,306.48,306.48,,
51,T5SVH65A,Office Quality,PI7QZSN2KIAM,173.44,173.44,,
52,YYCGGV8D,Base Agree,J4SYLJXTRNJS,81.12,81.12,,
53,VBYJB98O,Think Word,5GWGGW44TAMB,405.54,405.54,,
54,XZQMQL9M,By Raise,90RSQBNJ4LE2,19.28,19.28,,
55,LGK4WRWH,Plan State,8FDXWU72S6RC,397.87,397.87,,
56,NBOGHRAY,Friend Election,RDTWRL558TT1,487.48,487.48,,
57,ZVHI4TK1,Poor Strategy,VN3CDBKYVUOP,44.12,44.12,,
58,5VNO67LR,Control Memory,CTC2BH3CGTVX,128.54,128.54,,
59,SOD0ZPN0,Pretty Pattern,QD6F0IC5ZJRH,484.28,484.28,,
60,84XBFS43,Loss Least,6T8JRKL0DLS9,241.19,241.19,,
61,7VUO3K1O,Section Subject,RYVQ3FRAPTV0,384.79,384.79,,
62,9ZP7OAH5,Example Fund,J2K28Z2PN46A,209.75,209.75,,
63,NACYAYP1,Institution Black,D3YQIWXHGM2P,416.32,416.32,,
64,LM8S7GE9,Surface Other,U6AAAAD9WK66,252.32,252.32,,
65,OOC4DY7L,Son Four,C170KDJW3XIF,232.97,232.97,,
66,ANDDFWMR,Out About,THBC14TA8BLI,32.77,32.77,,
67,JTWHB1G2,Another Serious,E4ZHPDVV2M22,129.07,129.07,,
68,Z2ECBIX2,Feeling Floor,K5T2WJYK280W,211.78,211.78,,
69,2ECN2D1X,Tend Far,WYGZX4MCTUMR,392.09,392.09,,
70,DXG9ZU1V,Attorney Language,3QOP99RRHIGF,355.05,355.05,,
71,SOQD5ICL,Seven Marriage,6KI8NAUZRELJ,252.91,252.91,,
72,10REGNFL,In Media,4QXMFQWWL2GO,211.56,211.56,,
73,LZHXPGGP,We Make,JU5MPWKQ2VIC,352.94,352.94,,
74,8UKXMSA1,Away Heavy,BPODBYWXEPM5,11.43,11.43,,
75,YIBXNMY1,Claim Less,BO6GDZOMVIWV,245.0,245.0,,
76,M5SN2OLI,Affect Rate,7869RXARABNJ,342.68,342.68,,
77,QO8PXDGR,Believe Watch,7ZXQGEYVO2SK,144.33,144.33,,
78,5WNGOCW5,Around Finish,PMI3YWJT1D80,341.66,341.66,,
79,ATQC6FAU,International Bit,RAFI6NZ321EF,128.12,128.12,,
80,UR4GOX56,Method Front,EK134LRIGI1P,191.75,191.75,,
81,59B7Z5GA,Hear South,7B5MT6F22QMJ,378.29,378.29,,
82,G3FFOO3A,Common Story,S3AL5AMT3HV6,220.94,220.94,,
83,OG38LPKH,Table Rise,6TI7BO47KZVS,409.13,409.13,,
84,AQ3M3F6W,Gas Eat,GIL4JC1G01L3,84.84,84.84,,
85,029HGEIX,Determine Price,AHLJIYIWGFB3,396.66,396.66,,
86,JUZJSGUI,Make For,QY0UWYK9WU68,470.62,470.62,,
87,XR8XQN0N,Behind Nor,SNAPIDBJK9CE,199.83,199.83,,
88,05F3NOOI,Course Project,WES4EH7G2PN9,374.26,374.26,,
89,6MDIN1MM,Left Five,FVU4IAL0A4WK,188.83,188.83,,
90,HAFB95R5,Trial Financial,OP74TPRQNO7J,214.63,214.63,,
91,SC1GNEPM,Sell Listen,7QWO55WQ5BGM,220.52,220.52,,
92,MJ3D3LOS,He Participant,0S9ZAR31BSG4,394.32,394.32,,
93,AK8BNNRW,Conference Short,YHSHBXY6QUXA,339.26,339.26,,
94,RBDZ2608,List Month,CUHY5B7R8OVD,496.8,496.8,,
95,87SDD7FO,Across Trip,EXXT2UGZXRC7,208.44,208.44,,
96,8AUGQ4PV,Three Thank,I5B7NSRJEODH,119.85,119.85,,
97,8SNGEKR5,Kid Close,Q85QP90UXBCK,249.78,249.78,,
98,A41BYSYV,Become Health,K7CSRZKEAWOV,122.6,122.6,,
99,VRXMO3KM,Industry Vote,8P67LUKI5U0P,304.15,304.15,,
100,QB8B5QZ6,His Decision,VXEKYWTFVEK5,181.96,181.96,,
101,VIWPUCMJ,You Power,28PUJRZRA2WY,212.58,212.58,,
102,3A7WXW92,Go Yet,9B8A7XSJVH00,142.87,142.87,,
103,SKRVWTWE,Page Next,SGZ872RMW9YC,498.56,498.56,,
104,MCKIWT7X,Enjoy Possible,CZYC6JNDEYJM,269.01,269.01,,
105,NNOB4MSC,Letter Process,SPJ4J9GGIY8V,226.21,226.21,,
106,O8IRJ9FW,On Simple,VFWVRFJ4OS5T,320.39,320.39,,
107,OODOBMO0,Charge Total,TGXNW35HX8L1,68.11,68.11,,
108,DL9K0JPY,Goal Statement,54WE60PD440B,422.66,422.66,,
109,K4GALF6G,True Might,3POVD9TSCLG3,163.06,163.06,,
110,W1OL2J7K,Crime South,290PP8NNE607,55.65,55.65,,
111,FFYIAXFT,Organization Them,IE9680192581,487.15,487.15,,
112,WLS4YG7U,Possible Message,B5YX235L2D16,308.52,308.52,,
113,T0CA0VI9,Cause Score,1M208F8U1H64,313.77,313.77,,
114,G6NPTDOC,Apply Particular,L5JGKNOZT7UF,156.06,156.06,,
115,LGCD0BTH,Smile Face,D4M6P8KF8DZL,400.31,400.31,,
116,S3ATWPMP,Benefit Available,GTZ350LOZX1Z,252.29,252.29,,
117,UD9AR85N,Near Agent,0JDP4V1OOOCH,324.12,324.12,,
118,DS32OC18,After General,AMNYFJT531KN,103.31,103.31,,
119,FKKYCDHD,Even Debate,958WZTK7JOW6,337.58,337.58,,
120,4X9MOQBZ,Visit Institution,DRCIUZWXXPKX,176.05,176.05,,
121,ONNPZV3M,Chair Head,3CLJ4A7VK6B9,278.79,278.79,,
122,98Q597WI,Cup Address,KG42JXI11IDB,434.18,434.18,,
123,5WSVBGT4,Land Page,JHG72C0R1P00,315.73,315.73,,
124,BC9LY2HP,Likely They,QQ7AL6XMJ25A,316.78,316.78,,
125,4UHFVGHJ,Enter Record,AKE3N2RGB3LX,155.8,155.8,,
126,CAL71WZG,Thus Could,LU4FM9EI1ZOS,449.59,449.59,,
127,LSED0PK9,Trade Evidence,5XZWJ1N1WOVW,317.3,317.3,,
128,0UYC7WOT,We Painting,71D5C9TC6PM9,472.22,472.22,,
129,OZ4G743D,Although Common,WY1V8ZH5L3Z0,387.14,387.14,,
130,3RKYAFW0,More Raise,36FCFV9SZW1G,349.52,349.52,,
131,S0RB1UG5,Above Within,31RXOIMQ3G3D,57.12,57.12,,
132,907AMJ0H,Process Our,AW64PB248KAT,253.54,253.54,,
133,9BF5N5GZ,Same Hard,ZNCDXAUP96ZZ,265.64,265.64,,
134,MY71TB08,Republican Language,BG84J5O5YSOQ,485.26,485.26,,
135,ZB51GZFY,Upon Different,1F8JROUUE8E5,177.8,177.8,,
136,YTSNFUEX,Teach Minute,839GJ2C80TWM,125.23,125.23,,
137,6BKDI4X9,Usually Gun,HGY9LAL9PKZ4,414.19,414.19,,
138,JE9VWLDP,Answer Reason,M72RGUGV0XHY,328.02,328.02,,
139,BVVQWCR1,Everyone Especially,3E7CEJ9VF5GA,20.38,20.38,,
140,A0KLH997,Expect Sort,HNUEBD9VZSCN,301.18,301.18,,
141,7HPUN4EJ,Alone Tv,JS0XFR7LV3Z1,335.83,335.83,,
142,3QX5WROK,Relationship Beyond,C7PEWPD03F7T,174.29,174.29,,
143,6554P7DR,Easy Protect,VFSMRLM80J8Q,180.33,180.33,,
144,5HE3Q3BV,Note Radio,3F9ZTYM398K3,355.18,355.18,,
145,97ITR7CC,Mind Candidate,VSZ4XE5XYUJ9,230.19,230.19,,
146,PAMCGK31,Condition Health,SWSXP3DG6AXN,167.48,167.48,,
147,88AA8YB6,Author Want,KXVTN7UNFT2T,343.5,343.5,,
148,SO9L7D59,Generation Start,I2OP7CALIOZ6,312.96,312.96,,
149,38UTIWBG,Continue Painting,TKQMB37HBQGY,38.86,38.86,,
150,ZH008SZ1,Family Management,A7A7G5R24623,226.29,226.29,,
151,6180NYAR,Professional Democrat,IS54535GVM9Y,150.52,150.52,,
152,0KZUQUNG,Yes Stand,L4H9QTQ5E8JZ,445.32,445.32,,
153,9G3SASI5,Thousand A,98XIAIE96LCS,327.98,327.98,,
154,39QX8N1V,Enough Consider,MUFJKD5SICTQ,464.47,464.47,,
155,5YO1F87I,Speak Factor,A1N0MX3JKV2B,465.91,465.91,,
156,TM41U8YR,Kitchen Father,3SZZ5GAQN83V,292.55,292.55,,
157,N8C13GZ4,Miss Performance,J5WY2ZH1GUZ6,424.9,424.9,,
158,0TKMN04W,Loss Democrat,OKU4N5NSMU9G,278.35,278.35,,
159,CYBZ7WH7,Well Care,SUXTJN3RWU3M,367.8,367.8,,
160,HDVCR422,See Traditional,4NGIQAJ36PIZ,479.32,479.32,,
161,PK12UA57,Page Study,FXLNUGPVF4E7,68.75,68.75,,
162,IQ2UR8KI,Measure Need,CJ1B8NIM072N,219.05,219.05,,
163,SEGWXT8Q,Job Instead,U1E6LUJA93ZP,141.4,141.4,,
164,LV4I5DLY,Himself Over,CAKW3EYDOILE,409.12,409.12,,
165,V45NA4QL,Toward Really,JLAEUWUS0X7S,332.96,332.96,,
166,S928MKR5,Major Red,DNW0MDG7NQRP,69.88,69.88,,
167,EUTTL256,Create Role,BWXG5FCNC6EW,473.54,473.54,,
168,JIWC211A,Simply Record,8C93FMWTY0PP,397.01,397.01,,
169,QQPGCVPJ,Task Organization,8W07U1UGYX2I,469.61,469.61,,
170,I4PI80D2,Herself Ten,P6OHNO4E4PHC,232.77,232.77,,
171,WY5HWZ01,Support Speak,ME4KUR597EZH,452.28,452.28,,
172,OH80OOVB,Keep Place,BEW0JPKUYSRU,294.5,294.5,,
173,YX2U2XXK,Father Eye,KWYF74VN1O2E,478.12,478.12,,
174,NOX5WQRQ,Watch Actually,WQH1YKT0GLJX,311.69,311.69,,
175,P5Y7RFKW,Thought Operation,HNOQSQ99GGK3,470.76,470.76,,
176,GVFY8KBS,Third Individual,J4XO1PAZR8WD,117.61,117.61,,
177,ES43XOT1,Make Behind,1I4X644O8RAK,183.87,183.87,,
178,0XP4ZIQJ,World Room,4QWREFW5L9EF,234.88,234.88,,
179,UZ7P1JG1,Majority Expect,VE5GUDK6G7NE,211.84,211.84,,
180,9BERJU0I,Someone However,RD6T11XHKWYZ,70.06,70.06,,
181,ZUDJQOFS,Network Quality,TQXSCO7BY1RQ,17.35,17.35,,
182,X5Z97GVR,Late Science,XU1N1MA97SKT,257.6,257.6,,
183,5V2GBPOC,Resource Interest,FR84AVH1FFHD,386.55,386.55,,
184,FLW9Q1HI,Board Experience,K5AC6B3YGNFG,340.85,340.85,,
185,0OBDDTFO,Other School,2B312DI8J7VP,163.7,163.7,,
186,U8ZELD8V,Start Style,NJWBQB3IPRWI,278.82,278.82,,
187,VZP86B3G,Project Western,O7M6JJ5VCP8C,293.56,293.56,,
188,2JRNA1ND,Court Finally,54XZTX3847MB,477.84,477.84,,
189,Y1UW06W7,Quite Senior,PM9VA6FC4QW6,313.0,313.0,,
190,I9PMBVPV,Current Economic,M7ADE92XR1NV,79.54,79.54,,
191,1G4RS75D,Me When,G2WHZOWJQX8N,427.61,427.61,,
192,I87VC1QH,Apply Four,ZR83TJWQY82A,319.94,319.94,,
193,E4OCLM85,Upon Former,XB99FC2PKQ53,446.94,446.94,,
194,SAB1YESA,Red Choose,YSH2MHSR92S0,258.86,258.86,,
195,L8FS3D5C,Effort Common,5SX74Q5MV3VK,408.33,408.33,,
196,FUHU0XK0,Hundred Today,4WQI4HP5CEW9,374.19,374.19,,
197,23ODYL1H,It Mr,645FR0LRX9IC,139.35,139.35,,
198,4NVYYHC0,Well Walk,FO5TRCY57R5T,496.04,496.04,,
199,MJKYESE4,Glass Note,QQRYP0WZ3QHN,423.59,423.59,,
200,S53ADXC9,Through Enjoy,Z3GG985CNMXI,384.01,384.01,,
201,U8F7JCU6,Believe Staff,7HB7T037O95X,382.66,382.66,,
202,627BJKLL,Road Recent,NJUT8OOTNJTC,50.48,50.48,,
203,5W8JWZH2,Card Large,8XVVOYA90ETM,453.4,453.4,,
204,888NV3WD,Goal Fire,X8W78CTD6ISA,82.52,82.52,,
205,RIIPJU4F,Set Foot,NH9PY8MW705I,205.19,205.19,,
206,Z1D36GUZ,Good Material,JO1N7XZ2XA5U,252.35,252.35,,
207,3BEM2PXL,Reach My,EQM5EP4PVYM1,402.88,402.88,,
208,R0UASKFS,Upon Particularly,PTCIIJGVDQCF,275.56,275.56,,
209,9ZDQ9U3P,Pm Sister,B36OFWPGBXB5,440.48,440.48,,
210,3W3XSVF2,Natural Good,35RP0WP3BKHA,25.76,25.76,,
211,Y51ESCF9,View Growth,IX35P5RFVVPZ,30.17,30.17,,
212,WWH7PYTR,Set Size,2EYT7DO6NT0D,90.59,90.59,,
213,BHW3GQE7,Seat Station,K4BBJVYEPIXF,258.71,258.71,,
214,G1IOQ2PQ,Never Church,DK4ORO03TIW2,368.26,368.26,,
215,FPUBDVMX,Sport Attack,OQP9EW9YRE60,300.47,300.47,,
216,WJOZMKC0,Amount However,97RM1MWX2CLZ,154.1,154.1,,
217,D2RHT0IY,Quality So,YARU2CO63NAJ,254.96,254.96,,
218,PU9WNLI2,Ten Employee,3M9K3D8B0ZJY,276.1,276.1,,
219,X92S0S0C,Material Future,LNFK4Z2R89X8,379.32,379.32,,
220,DYE21R2T,Laugh Treatment,1RZYN4BJZ8LP,120.22,120.22,,
221,NA41VLDP,Issue Eye,IRBKE0A5C00W,14.72,14.72,,
222,FYTE2Z1D,Base Role,TNPI1FHNG23C,453.94,453.94,,
223,9EYUJDOJ,Way Value,7DG71US16M6V,150.97,150.97,,
224,ES4BEOMP,Scene Message,ZEQ1BYPPTU5A,120.9,120.9,,
225,L0I6FTLD,Decade Condition,JF8EQXXY28HZ,17.18,17.18,,
226,91RXWASQ,Baby Enter,AY9U33Y1CCYX,343.51,343.51,,
227,D0DTEANE,Play Budget,E3F667HFSZND,107.19,107.19,,
228,0ZWOQ2PV,Simply Surface,QV1UJBR8JKYE,470.11,470.11,,
229,XJCO10VM,For Total,F3VGZUHXQB9M,438.71,438.71,,
230,3M1JPC9P,Record Nice,DO0C3DWD01S1,151.96,151.96,,
231,R18E9PJ7,Wind Research,47QAYB40G65B,256.33,256.33,,
232,BIG5KYJH,None Goal,DMDBUD81Y02M,216.7,216.7,,
233,RKJZHSMZ,It Artist,C1F5K0SUQP7H,170.13,170.13,,
234,3J7LF7PY,Near Perhaps,6W6UJYPQSWRC,426.59,426.59,,
235,UXOYY2G7,Catch Ability,QDC36AMI9V3G,214.82,214.82,,
236,LKVW5JKD,Safe Society,LFLYU9KCION7,369.69,369.69,,
237,B3L21GF0,Top Should,040DBJ1F25WX,195.14,195.14,,
238,NNXQFRLG,Make Reality,AJAFCUA6XUER,288.51,288.51,,
239,QFR7ALI5,Up Scene,2Q62ZZ0V7TUR,249.11,249.11,,
240,UXQKHE1C,Cultural Identify,69L96GYLO2IL,251.93,251.93,,
241,F6EY8TE6,Size Speech,STYUP5YYSLFO,336.2,336.2,,
242,T69P4F5E,Democrat Sell,AIKOPGRDR8M6,143.48,143.48,,
243,ZA9WGNML,Name Guess,7AM6DFIBS1SP,295.51,295.51,,
244,M6FUEGL8,Billion Conference,FIGOUR5R5THV,332.03,332.03,,
245,TZD5QJ4Z,Moment American,9X5GSQBLAQ7Q,201.13,201.13,,
246,SRJ96135,Hundred Start,DIHO5JNGF3BR,315.09,315.09,,
247,VHEZR8CU,Call Thus,Y143PSA1IMKJ,91.39,91.39,,
248,L7H6U8X7,Reflect Glass,NHN9I7ILAY0J,434.4,434.4,,
249,JTWFTRNT,Since Line,Q9TXY3GC3A84,161.4,161.4,,
250,YC173CJU,Several Beat,17EVQFGJDNXM,491.12,491.12,,
251,P2SFSTIF,Would Important,DYTRU0X5Q2YI,80.03,80.03,,
252,O16IIMX5,Answer Of,ASJ2PKAUXNGF,488.86,488.86,,
253,Y7A5IQD3,Local Reflect,7Z3GQH1BWEH6,131.23,131.23,,
254,0PU2TSZE,Whom Six,H06FSGJQXXE7,87.67,87.67,,
255,JX4BRCBP,Organization Son,QO3O3VMY5OLU,64.51,64.51,,
256,81MGBOBJ,No Consider,WH4UYVA5FU9P,331.86,331.86,,
257,CT8HR0E2,Early Travel,JH9CT00MEBD3,155.61,155.61,,
258,2DV78IBF,Avoid With,NB3S152IN4NY,424.4,424.4,,
259,SZ7M77MH,Kind Summer,LJHGZ3TN27EA,301.8,301.8,,
260,BHRVX2SV,Republican Administration,M88B8T224NZT,306.85,306.85,,
261,0A223XME,How Know,F8380D4MP2A4,261.61,261.61,,
262,FZJ2B1HQ,Human Oil,8K0ZQ0S6HK6N,447.95,447.95,,
263,LACS187O,Lead Board,NIIFMHGYPCOR,63.76,63.76,,
264,SFRDPMY1,Support Without,HD8RUCNMHSRI,132.72,132.72,,
265,VQ70FHVG,Subject Pay,HIWF945ZG05A,422.95,422.95,,
266,A86UAVG5,Reduce Company,ACB29G1SLU6T,153.38,153.38,,
267,FKWROFJP,Take Store,Y26F2J4PKEU7,492.22,492.22,,
268,3G45JAM2,Stock These,SIS9LE5PD3IM,390.81,390.81,,
269,UDRTZ63O,On Wait,WBXHRZHNKLZP,305.29,305.29,,
270,TNORHE0C,Hope Technology,AGEWN54FS7SJ,299.38,299.38,,
271,HTLW8QHY,Trouble The,HGKTVBV50E4K,316.84,316.84,,
272,8RZID3Y5,Main White,JWBBKJEWD8RA,151.72,151.72,,
273,Q771BFWY,Alone Industry,4RTF0E4GYB74,279.22,279.22,,
274,WKRPRAFV,School Experience,5TTONYF3ORSE,114.07,114.07,,
275,2JKA2SGE,Bar Purpose,BZCD6E85AIJA,131.18,131.18,,
276,KMYWNXAU,Tonight As,814LH5H10F3W,174.78,174.78,,
277,XFI0M2VZ,House Task,78TQNJMKC61X,63.7,63.7,,
278,ZBAD4RIW,Company Very,VZ6K0K8SMJ6O,387.54,387.54,,
279,AGQ3HD83,Note Personal,XR0JXUZRDW1X,381.75,381.75,,
280,YIB82C3L,Fire After,95DCJCKHM6WU,97.39,97.39,,
281,VZJG8PAL,Interesting Traditional,1A60T8OCA874,414.67,414.67,,
282,A8QVOCVR,Assume Life,F3JES8BCAHLP,327.87,327.87,,
283,XFSUSPIP,Throw Win,5MAHU09Q4P3M,22.55,22.55,,
284,4MNIDW61,Manager Phone,YAYASZGTOQC3,251.73,251.73,,
285,P3NE3CLO,Material Few,F1F0IPL7K847,266.59,266.59,,
286,M4P2MRS7,Through Amount,QOXSU110PDGU,167.26,167.26,,
287,P23HVFGB,Quickly Group,BSI3BGKHADJ9,421.56,421.56,,
288,5DCIDZF4,Whose Lawyer,9LPX3AWVI04Q,311.19,311.19,,
289,QOZSD6EH,Peace Subject,4OMM5LASTF8U,495.51,495.51,,
290,1GF85AWT,Market More,B0P1BFPS4YZ9,276.19,276.19,,
291,W1MARLMN,Gas Per,7A8IUBRJGI9X,91.57,91.57,,
292,J5SMOOCM,Maybe Live,F7A111UMK3EE,237.17,237.17,,
293,5O6A38XF,Safe Check,78AK7NHEYT7D,201.41,201.41,,
294,39XJSWNZ,Woman Full,EF4DCBWX1ACU,26.42,26.42,,
295,PUME6HM0,Order Find,XVHED7TQ5EHK,345.01,345.01,,
296,WGUAGDWT,Later Sometimes,97X5XPS74BP5,51.37,51.37,,
297,ECWTNJSF,My To,YDA5NADOY9DR,150.37,150.37,,
298,M91GPV5N,Cause Kind,8QXF1I5M61FF,128.22,128.22,,
299,X5YH3KRB,Cut Discussion,W6I28C69A372,12.76,12.76,,
300,L0JTBOFT,Article Allow,W3QTUGXUA7L1,288.64,288.64,,
301,CYQVD9AH,List Community,SJH2QZ2LJYTA,235.91,235.91,,
302,9MBSO82X,Avoid Often,KNTC2RKK7C82,169.71,169.71,,
303,E2DHETKZ,Live Hair,XCO16F6QWKTR,473.07,473.07,,
304,O02NPUM2,Business None,M7V182YMEE6R,277.21,277.21,,
305,505IOE1U,Piece Certain,8KK9ZHPQ3O2C,380.41,380.41,,
306,RSSJLX3G,Not Individual,TRGGW1MXDTEA,123.58,123.58,,
307,F1GENGIW,Near Or,ODO07IAZV6G2,56.81,56.81,,
308,9MVTI6UZ,Reason Expert,Z46LHE2JOSXS,223.6,223.6,,
309,BPQ8FBOO,Staff Control,6E8B40ORX0GK,213.15,213.15,,
310,EF8AO40N,Manage Interview,NOSVTDD0TVNT,194.49,194.49,,
311,Q74HN3PX,Magazine Already,G0R9NGGA6RPK,207.53,207.53,,
312,HB8H62C8,Pick History,GZ9FNSLMCZ0D,297.38,297.38,,
313,WC39QXZW,Interesting Explain,PQ8N181SV4AI,54.05,54.05,,
314,B24RKEUO,Cut Him,JMSC8M7BDF9R,300.04,300.04,,
315,MMDO8MYZ,Old Sister,SLMJ6UVYRNBL,449.22,449.22,,
316,TOM8OMC4,Lay Really,3D86RDLI90S8,278.27,278.27,,
317,IDXEARZR,Mouth On,Y8UNCT99UKQ1,446.97,446.97,,
318,EGRDF850,American Likely,PKVFG9CGFWAK,204.48,204.48,,
319,7ZEY16KL,Purpose Represent,D5X59TL9C28V,112.05,112.05,,
320,EWH2LAJU,It Figure,UYKMX3R58YNL,404.14,404.14,,
321,H5CYMPV8,Others End,FSZKYP1CM4LW,490.9,490.9,,
322,DHCA7G8I,Generation Television,FV76WQYTZD1G,384.22,384.22,,
323,E8543UJ2,Trial Leave,EQGPGCE1DQ7E,411.82,411.82,,
324,ZTUVYO3K,Few Moment,ITC7CYKEI8ZQ,326.74,326.74,,
325,CZF8CAY6,Fast Make,THFPHMFPT2UZ,449.04,449.04,,
326,U6SRVE2D,Night Require,27O1AHRR14H0,216.4,216.4,,
327,F6P16H3D,Ahead However,TIEFSW46ROSS,467.26,467.26,,
328,1VTTPSH7,Learn Table,1P61Y276JFB3,35.96,35.96,,
329,Q27I4OXZ,Wait Step,YMTDCOK855CX,452.62,452.62,,
330,XU84DYX8,Choose Book,2W7J9Z2JQZ6K,199.31,199.31,,
331,JH0AUTVD,Seat Similar,GM75YSEG6C2I,375.67,375.67,,
332,04E2FG0P,Even Interest,94LWJ1IY1OR5,485.53,485.53,,
333,4X7UT8RR,Product Use,KIWIBCC16CB7,236.74,236.74,,
334,QJY2ANYL,Serious Think,325C961RBQ9W,375.56,375.56,,
335,PLZR4ROL,Cause Win,DXA95JJJ023M,202.54,202.54,,
336,94TFIXBG,Be Prove,0DE2UH97VYLY,224.28,224.28,,
337,G79D2WFK,Do Walk,AI0ADLMT9ZVN,115.16,115.16,,
338,PKG05XJB,Part Hundred,6KU83DQQ4NG4,166.62,166.62,,
339,ERQ5X0YW,Many Require,YDRLI0G07PQT,69.6,69.6,,
340,9FQZQ241,Agreement Art,AQEO84HJK21U,325.14,325.14,,
341,8JQ7U5AJ,Everyone Either,HFCMQKLAZD3D,85.49,85.49,,
342,MVK70G03,Our Road,G10Z51637IT9,227.11,227.11,,
343,8620HF98,Sport Education,VOUXSBSN7GN0,84.16,84.16,,
344,O35GHR7Y,Man Be,UDF3M78H4QRW,207.74,207.74,,
345,R3AAZPQQ,Family Success,HJW7I2OFC3N3,334.58,334.58,,
346,2MU1I6F7,Think Lawyer,4LSIJ4J9GB28,188.11,188.11,,
347,2UFB0K5X,Way Enough,6A20DXSDN6E6,232.79,232.79,,
348,1BKWJJ8C,First Lay,DZC6PAYNPYHT,339.74,339.74,,
349,92MI3PDE,Mouth Live,QHQKCHP4CJPH,285.84,285.84,,
350,OONLQQ4G,Run High,IC4E2T9RQA4F,118.3,118.3,,
351,7ALWSCX3,What Democratic,1U1NOZHAY7QI,321.03,321.03,,
352,EU56WP1S,Sort Cultural,AJNOCRYM5MAG,93.2,93.2,,
353,JUS549LY,Time Each,K6J5DELTBHN4,98.63,98.63,,
354,Y8IHD7N6,Appear Tv,4QNE9MR18LFW,332.94,332.94,,
355,SQ4VF67H,Range Dream,U1B2MJQN1GRW,328.09,328.09,,
356,HVLK1PWO,Social Policy,PGHD20EA2YP3,66.97,66.97,,
357,XBERZZBE,Dream House,WR2YZKH5206A,63.81,63.81,,
358,11HXEAH5,Instead Increase,KXS6OO4CVO4Z,172.42,172.42,,
359,CY3SJ90E,Song Opportunity,WKYYKTSCAMYZ,140.8,140.8,,
360,YSM0YLN1,Safe Piece,IF4JSPGNEK6E,222.21,222.21,,
361,3QJZIYPM,Human Clearly,XK6RRFXNMFOT,339.24,339.24,,
362,2TYAFQRE,Do Choose,J552LV9M5HNW,428.06,428.06,,
363,VWW55P1C,Member Art,XUP5T3NJPVL8,298.66,298.66,,
364,8B5S3BR0,Admit Energy,CW2FON1YJFBW,333.14,333.14,,
365,4SD0905Q,Bar Base,S9OFTH4ARCO3,288.83,288.83,,
366,ZEGXTASX,Training People,L9NFB9Y9XA50,255.83,255.83,,
367,SYIQ37PH,Exist Sense,EKUBUGUIP59P,324.63,324.63,,
368,SZZKH0NO,Expect Behind,ZX5CFOFSHRJ8,447.04,447.04,,
369,4QR4JLHW,Business Management,FB1EN0HRATSM,297.44,297.44,,
370,RN64KHA8,Popular Day,RBGOFL804XNT,492.73,492.73,,
371,U84CYP2A,Start Pressure,VRNHA4A47JAP,90.73,90.73,,
372,K9TBNZ9U,Third Common,GHYWTRDBBAZ2,12.64,12.64,,
373,ECUTUY7T,Detail Firm,GR4BRR7FO38Z,330.06,330.06,,
374,O3SFZM5W,As Right,ZXVQZBALQGQY,351.43,351.43,,
375,L7QPOXTU,Result Rather,PQANBUQK6ZAO,417.25,417.25,,
376,3U35OF5K,Home Stuff,10O55S87HFCQ,65.27,65.27,,
377,9LIFILGS,Seek Election,33GEF07HTJ7Z,380.09,380.09,,
378,BWNSR5NL,Can Energy,PGWVPSL0CK9L,168.87,168.87,,
379,HFG2C84W,Star Data,19OZR8X46R7V,370.16,370.16,,
380,X8RZ2H9W,Majority Push,QP8ARS4S5LZF,174.98,174.98,,
381,NC6K6Q01,Style Direction,LHH074CM1UXX,196.01,196.01,,
382,N7LD8LBF,Same Power,51UNFDTTEPQR,453.15,453.15,,
383,V9MGQQZL,Resource Buy,RN8YKQOES86X,258.91,258.91,,
384,JPGO5HRQ,Four Fund,YNA6PD6P67HL,28.87,28.87,,
385,2GT2ZGRX,Yet Of,IR6QYQPNN42C,208.7,208.7,,
386,GT9RTJFS,Arm By,ZJFAXJ74MYIR,309.0,309.0,,
387,6AMSO7SX,Early Safe,TFV9MAX306K6,10.53,10.53,,
388,ADP6XQ59,Marriage Drug,0JOQ8A0UCMEQ,263.86,263.86,,
389,BZDREJSW,Page Pm,5GUZ1IBWYGE2,387.89,387.89,,
390,Y4TCTWZC,Yet Out,VPPB1ZDIXQ44,359.04,359.04,,
391,ID9MAHP9,Of Reduce,VO6QB0JFNK4W,331.8,331.8,,
392,9T28RS17,Six Table,NLIV3N2A94F1,361.3,361.3,,
393,4PJ8U12P,Test Hope,5YEB7U1L0059,198.15,198.15,,
394,RRB0VH9U,Land Fight,LQIF1UTAC4X3,248.67,248.67,,
395,XNQH85O9,Receive Modern,80PUW1KUALNM,140.83,140.83,,
396,I6EA8PDU,Bed Strong,HGPXLE5H7Q11,157.24,157.24,,
397,HNGHGUNJ,Song Short,E7JXTWMAROMZ,182.47,182.47,,
398,S3V37O7V,May Prevent,8XLQ3RDE4KNA,64.94,64.94,,
399,1C8VTZXI,Body Election,WDLFST4BN17V,424.12,424.12,,
400,T6WZ6GXP,Early Keep,1VDBLBWT5EZS,187.03,187.03,,
401,GBZJP9J9,Likely Best,5V075QIBUU02,391.57,391.57,,
402,YJJQZEFN,Money Partner,5JAOWZNY71XU,463.86,463.86,,
403,WNIK6QRL,Eye Action,L621PGNYUHKU,157.24,157.24,,
404,L2XZIC5Y,Choice Require,0ASGDZ5ZP17R,227.96,227.96,,
405,OWKFX218,Company Teacher,Z15KJSI0ZBMB,269.86,269.86,,
406,Z5HT0YY1,Son Community,FD1081R50RQR,240.06,240.06,,
407,KSYBC8F5,Laugh Republican,5E26AR297F4O,88.97,88.97,,
408,3ANY2NF5,Feeling Account,7KIZJ66YRJW9,163.81,163.81,,
409,S7QPETR7,Yet Care,G4AMVLTN9CI3,406.12,406.12,,
410,LC6KT3G7,Crime Detail,SKB3XNT78OB6,132.85,132.85,,
411,N5E9L5GG,Population Discuss,7DEKHDVIZJQP,423.7,423.7,,
412,QOKFXD27,Can Everybody,XQFLK2HA7YEH,403.17,403.17,,
413,MZKDRUWH,Perform Type,S92X6GRU7BRB,162.2,162.2,,
414,550CA83Q,Accept Alone,S189QTVDP9A5,86.24,86.24,,
415,HANO4VB8,Call Machine,5PX403KNBBPL,252.52,252.52,,
416,11WZEAMV,Night She,0YTDJ9V5TWVV,38.29,38.29,,
417,2IIAVYPJ,Quality May,K6Q5FO1K8DC3,422.7,422.7,,
418,KGCMOLV1,Campaign Pretty,03IE1EQ0GNY0,359.73,359.73,,
419,372ECW8Z,Generation Detail,RKBQA8HURBWR,369.98,369.98,,
420,6T6CINUC,Month Health,8CV8E6FW1HM8,407.19,407.19,,
421,VNAGY6NN,Research Nothing,1LZW5OP32B1F,264.13,264.13,,
422,JIJ57YGL,Author View,YJ0V7X3IUI2U,446.58,446.58,,
423,CFBVGID2,Green Live,RURDT989UP07,125.85,125.85,,
424,1RKI4ZDX,Catch Central,S9L3R9PHEDCU,69.24,69.24,,
425,5NI964D4,Yet Today,GI36OE62UNSG,495.23,495.23,,
426,KUF8L6Y7,Always Example,V3QZH29RPFA0,39.28,39.28,,
427,CCF8DCOB,Health Its,0C86KHCTNRKH,485.12,485.12,,
428,Y7ZA06BA,Effect When,7R67OFF53Z1O,469.66,469.66,,
429,ERUUK779,Own Themselves,X1JN70XYXTEX,269.1,269.1,,
430,AXXCD0HR,Either Cover,RQC1655OTI5W,378.62,378.62,,
431,A4DCA2FC,Hit Appear,OEI1PG284DG8,36.6,36.6,,
432,68R19O1S,Exactly Cause,DU04P5BBXQEH,72.33,72.33,,
433,XELATVQK,System Once,O2S32DJ0BAGM,491.66,491.66,,
434,V3GRB4Z6,Put Buy,2ZDYT2B9Z160,42.06,42.06,,
435,JRUQRVFK,Stage Court,TAOU7O3LDXV4,381.05,381.05,,
436,IVU8WORQ,Question Determine,F5EDH45ZYOTE,478.38,478.38,,
437,5L9DI2AF,Recently Soon,T4QIGMH88KP3,124.45,124.45,,
438,6RVACB46,Hear Wife,W5VW73EA5TTP,288.05,288.05,,
439,PASBXEHJ,Act Really,SU0ZIBG1ZW0N,98.11,98.11,,
440,WF6A1HY0,Despite Probably,HE0DXRRU1BG4,319.73,319.73,,
441,RTETNE9C,Out Outside,WK2S12ISH9FF,325.44,325.44,,
442,9JKQS76P,Likely Science,B9CDI5J03UIU,275.2,275.2,,
443,R55CYEJ7,Travel Final,JLIBPAQ0DRRU,296.5,296.5,,
444,KX5LNX5Q,General Help,XKMQN0V1MXX8,499.41,499.41,,
445,Y9SQ2UJR,State Politics,TGDMDANK832C,107.65,107.65,,
446,OBAA3KZF,Paper Not,O8XYHZFSNYDU,320.29,320.29,,
447,619I3ZF9,Everybody Factor,WU2IB6PVE3LS,419.39,419.39,,
448,DXTRAM4F,When Door,PV0Y2GDX5I73,316.4,316.4,,
449,5WMFNMWX,Evening College,Z0KL726O9OU3,165.28,165.28,,
450,RT9I48IK,Country Money,ZQZN48OVB99T,303.96,303.96,,
451,3LVEVXFQ,Response Main,PQIK6ENNJVC5,77.15,77.15,,
452,40FDHFC2,Small Long,J51GS720D5D9,369.08,369.08,,
453,MIH23ET7,Those Agreement,2YBYRQL5A8OK,421.46,421.46,,
454,38S88DL2,Trouble Force,0UZUM93X2SGP,345.62,345.62,,
455,YB96VR8C,Tax New,6LNP63XZJAJS,122.41,122.41,,
456,N94UXTK0,Western Picture,H84UN537UP0M,37.49,37.49,,
457,EU66MVJS,Much Size,T6AWHKWU3MPP,116.62,116.62,,
458,TILCXBXU,Easy Democrat,I2XEJUTMGB62,158.54,158.54,,
459,3TX184GX,Claim Goal,8WBJ3NC0MILS,242.82,242.82,,
460,YJ1HYOX5,History Maintain,5O3APFUM81JQ,225.55,225.55,,
461,R8N7745J,Go Central,AUAMY35OD0Y0,278.99,278.99,,
462,G1DDJAAC,Perhaps Him,LR2E0Z3359W9,465.35,465.35,,
463,F8VCL5EI,Company Thought,2FTTFZVRVJ5X,439.88,439.88,,
464,CQZ6AGUD,Way Foot,TYDZRZD5GRTR,266.09,266.09,,
465,AJ30QH5Y,Former Successful,CRINH3BFAYDM,55.69,55.69,,
466,0763D9BY,Social Feel,FYO1I6T2TH6V,305.3,305.3,,
467,CALXRSUL,Sport This,YMJDBJBY3R8V,456.27,456.27,,
468,L2MZ17QN,Begin Nature,OVN96023KBST,475.92,475.92,,
469,8P1ZWJ9M,Different Analysis,2CDZMSJYDG2A,490.53,490.53,,
470,5KF133OH,Film Much,9F6NGHG0IYFS,492.27,492.27,,
471,LA5YSEE6,Charge The,OCG9EPTMA6Z6,475.59,475.59,,
472,GTGFM9RN,Describe State,1U2C88E53EHL,237.36,237.36,,
473,O1G8D9PK,Once Art,FZH5BRC4N4U1,245.34,245.34,,
474,FDLZS4KK,Partner Hundred,NBZWC4QXVGQQ,106.92,106.92,,
475,FCM4O96O,Little Democrat,WA1ALCUZ109F,457.3,457.3,,
476,VMUGBCP0,Program Focus,BKHHCA1O2UIM,305.29,305.29,,
477,AQ6KZFSA,Answer Hotel,18ZTQAMDZYVI,271.1,271.1,,
478,35S8E4WO,Million Work,NZSJQQD9ITVV,430.41,430.41,,
479,0LS732LI,Nature Case,EQHHXLJQO5N4,175.74,175.74,,
480,EU3BKHD4,Edge Six,1F2IA7WATPLB,214.52,214.52,,
481,X5LHMV7N,Head Trip,CI4W2MHO9W34,285.68,285.68,,
482,O71QDAXX,Listen Take,V3NMIWA4ABHV,82.19,82.19,,
483,ADCJUIY1,Food Everyone,9V7OTLM3HZTF,28.45,28.45,,
484,YUDODJ0N,Final Mention,HNFFBCMOJSX7,53.12,53.12,,
485,SCE6E01W,Their Throw,I8T2V873U7ND,305.03,305.03,,
486,1JRCVGLB,Bring Smile,HU5DHDHB2JZ6,21.06,21.06,,
487,E747DL6R,Play Leg,9JDQO4RYXWXO,84.42,84.42,,
488,AIWNZQC5,Her Prepare,ZF7E1UO7ADO0,12.56,12.56,,
489,TCVODC98,Audience Baby,9WD2VC5T8156,323.38,323.38,,
490,RGQQJD4D,Reason Provide,04U9KIEUZAHA,73.89,73.89,,
491,5REW0Q5Z,System Let,HWXEDRTXWWK0,284.99,284.99,,
492,2775EUI2,Use Fill,Y03K0EGQSCGQ,56.36,56.36,,
493,NNMZBP28,Clearly Food,WCXKC25F7OKS,204.76,204.76,,
494,VTD67CM8,Hit Type,1TSAT4BTNR9Y,344.88,344.88,,
495,3OZJRD6N,Force Stuff,H8IDJ05PB0ZL,18.67,18.67,,
496,J1BTPWQO,Adult Dark,CL9J8LOSLWLQ,141.76,141.76,,
497,23LAO2PE,Provide Yard,4RG1D3PEAVON,309.17,309.17,,
498,73UIK99L,Must Hotel,71BB166TYL1V,338.75,338.75,,
499,X5DM1O51,Its Total,WFLUQ6AW3401,271.75,271.75,,
500,XQIYKD26,Me Century,28R6X37C3J76,281.82,281.82,,
501,BVZ6VBSI,If Member,AYKHI8XW5PQD,340.62,340.62,,
502,3VSWKXWS,Wrong Matter,97ONI433E3CL,486.09,486.09,,
503,BOUG34P3,Southern Across,1DG2PZKAPUCC,477.28,477.28,,
504,II7EXBBT,Last Action,BYRT2AMMHIKH,462.41,462.41,,
505,HKUQ921V,His Three,BB9J3ROKKNVP,281.12,281.12,,
506,AF6BU4PA,High Work,W706D7HN4FV6,459.13,459.13,,
507,PYZFZXHV,Degree Often,FZ3CCUGH7FX7,452.7,452.7,,
508,L3Z2Y5AX,Have Realize,I400Z5336M2Y,291.02,291.02,,
509,IBVR0D7P,Skill Help,AWXYUKRVEF0T,189.85,189.85,,
510,OPPKWULL,Quality First,EL2UAQTKQY2T,308.76,308.76,,
511,FBV1AUTF,Training Perform,HZGDHC056SKY,252.21,252.21,,
512,U3YGZLL7,Take Anything,EHY6X3JRHKTQ,168.53,168.53,,
513,TBLETST2,Year Relationship,ZX5WTSMC0EW6,129.51,129.51,,
514,KU77DMY4,Where Door,EMB9CSD2EK3Y,295.86,295.86,,
515,Z6GU7HRL,Himself Nothing,YNYC172U73KK,103.19,103.19,,
516,15N8HMCJ,So Turn,MJSQTIIKBYCN,304.08,304.08,,
517,QM1YY1XY,Attorney Enter,4P8UC3VYNKOT,413.81,413.81,,
518,WRODHAA7,Why Purpose,3IX2UW09VG85,81.21,81.21,,
519,CRGFJ1PJ,Though Interesting,OA64MDKURWX1,337.89,337.89,,
520,LTZ3KD5B,Manager Site,5SBKDRQI8DHM,482.2,482.2,,
521,GQL37G6L,Part Finish,L0FJB2G4G6II,47.55,47.55,,
522,19RKGWDN,Understand Company,RIE2ZZQVYE6X,410.24,410.24,,
523,VMXFJ95K,Level Fine,9E0KFHEDYSAA,308.67,308.67,,
524,A30OEQJI,First Keep,GMRF1EH2E4TF,225.93,225.93,,
525,EIRH7VEG,Forward Want,DMEE3HR2PNCY,475.65,475.65,,
526,RWJR1IIY,Picture Share,NPZW4Z6XCUYD,462.13,462.13,,
527,NN0N26J3,Parent Behind,DLNRMDNUQ17N,313.97,313.97,,
528,29JV2XOJ,Provide Air,ZE4O6L1KO28J,196.34,196.34,,
529,TD0Q7RG4,Even Movie,OISX0T8NOCDI,118.15,118.15,,
530,21JP36SY,Itself Daughter,FPAHSKJ2NOJG,368.88,368.88,,
531,L0FNYN1C,Director Common,QZW90Z3GV0AZ,255.7,255.7,,
532,FXIQ8LQ7,Show Image,HY1HC2K3Q6W6,382.65,382.65,,
533,Z980P0GH,Mother Sense,9VS3WJHEBTC4,200.28,200.28,,
534,W1R07236,Special Also,MRS9W9HAXLED,358.79,358.79,,
535,COGWGEOP,Resource We,JOA6WK2W6C4L,32.66,32.66,,
536,28IBC4O9,Person Specific,NCUV06XR2LCA,41.37,41.37,,
537,573J0DXX,Before Such,WD3TTVZNAWGH,436.39,436.39,,
538,GUFEQNLY,Deal Him,96V7LMD88KG8,325.28,325.28,,
539,IAA59SO2,Budget Have,KAWYT2WVIXXF,142.94,142.94,,
540,WO35L0TN,Describe Measure,UF157ABVLRTE,419.77,419.77,,
541,1K1IF9CC,Beat Deep,4VQJUJU4V9B4,296.23,296.23,,
542,A9ZE9FDI,Total Street,BRVTLR8UG8NL,404.83,404.83,,
543,L9HTKAHW,Apply From,DQXTO2RDI17S,458.15,458.15,,
544,TQP17JDB,Name Participant,NX1BUYMIB1O4,308.64,308.64,,
545,QIZ5NLF5,Rich Yeah,0W090PSBD9EE,429.06,429.06,,
546,A3R06477,He Down,DJGFC472P28C,354.64,354.64,,
547,9ZSXJMZK,Republican Example,2P65JIQC0ATX,378.9,378.9,,
548,7HKY1RD1,Mention Set,SFEKMHT7ARBE,95.93,95.93,,
549,Z047QH4O,Under Behind,4NJUIK81AJT0,159.02,159.02,,
550,FXFMWG2G,Mind Authority,OJG66J6CBTM2,481.29,481.29,,
551,I3AHX4P9,Opportunity East,S0ZJPJA21VQL,159.75,159.75,,
552,ND8AGPU3,Factor Court,PHF65PPIK6N5,14.64,14.64,,
553,KN69VJ98,Enough Now,J5HW8RH80XKT,420.61,420.61,,
554,FJFC9V17,Game Beyond,P0C4WNJNQB78,496.02,496.02,,
555,E5KXWSOS,Worry Suddenly,EU5F1DF25ANJ,29.52,29.52,,
556,L44SRU3H,Lead Month,MGYSZ3Y1YBVD,416.59,416.59,,
557,2UEXWL6U,Site Me,X3ZHHXULQZ0E,479.11,479.11,,
558,CGSEAUWP,Military Success,HMZ5HK6XYY9H,117.78,117.78,,
559,N2MOPNGQ,Network Voice,YSOAOYZCJ1UB,353.55,353.55,,
560,9RI5EL9R,Individual Somebody,GXA6EXH6BTMR,273.58,273.58,,
561,ZR9ZR24Z,Five Focus,6EMPXJOT4579,168.74,168.74,,
562,UF0FGT77,Natural Arrive,CDU8ISUORZIA,203.01,203.01,,
563,YEKHAF7M,Guy Night,69N7IL1RL7UX,244.45,244.45,,
564,3T43ZO5Q,Discover Yeah,ROKZNHVUZ1GV,426.55,426.55,,
565,IRF02LA4,Air Base,WTV465HPAAJA,242.06,242.06,,
566,C9P3G3DR,Degree Very,6V980VDMO2F5,445.3,445.3,,
567,LZHHUMUS,Nature Us,0YKH9T2ESZ81,269.96,269.96,,
568,GGKNC95H,End Pretty,5PKAXYBWR92R,118.91,118.91,,
569,KSAT6OE0,Then Support,JW09HQG849P8,31.18,31.18,,
570,320O3WOF,Remain Environment,6OZISNLISWB3,149.7,149.7,,
571,R071SK86,Whom He,48934VOASJXL,186.3,186.3,,
572,F7FDQH9H,Study Wear,NHT8QNUI1ZM7,321.46,321.46,,
573,H4SDEWHI,Again Last,IBLTMT2RUF8A,368.66,368.66,,
574,ZD051LA6,Enjoy Whatever,HK1NF3VL1UMM,202.39,202.39,,
575,SOSKAXIB,Garden Imagine,5DWI6O4HZ0QW,307.64,307.64,,
576,AK9C5ORD,Hundred Meeting,4JXEKC2N5LNW,281.87,281.87,,
577,NW2JL3YE,Say Air,3JDU3DPUUU78,270.29,270.29,,
578,4X2B6UPC,Purpose Sport,HR11YFKPRKJN,374.96,374.96,,
579,OXG0UWWA,Would Word,MHPX601GGYVX,489.19,489.19,,
580,O3ZIMSMU,Particularly May,TNE9KL6HJ8C5,126.91,126.91,,
581,6MEL363N,Kitchen Majority,89XVDADHJYVZ,110.18,110.18,,
582,HMDSOERM,Thus Arm,R7PJ40GXSCEM,55.87,55.87,,
583,KW1RCLH3,Eat Spend,6SOBWA1BI8SP,457.73,457.73,,
584,0SJ3EEXI,Oil Change,P3D93DPK4AFS,273.96,273.96,,
585,UFZG6UBC,Relate Call,530VDVJPD2WB,208.83,208.83,,
586,6KRJTEKG,Guy Sign,5MF0SPHNX9LL,280.96,280.96,,
587,6DLAY99Y,Summer Than,51ZII35MFQ7M,70.12,70.12,,
588,TXP5D80T,Wife Push,5QVAXDO88TFL,318.13,318.13,,
589,A6OT1CNJ,Account Tough,ANFJ35D1LI26,216.32,216.32,,
590,V2A5Y8W9,Wall On,4DXGBD1IXK5H,498.27,498.27,,
591,ZZRC31VW,Year Our,8HXYUK4LQR8T,202.69,202.69,,
592,14XSTPX1,Through Seem,S3Z9UINVBMWK,434.18,434.18,,
593,IJK67P26,Indicate Once,D01MMMT74BTF,171.91,171.91,,
594,I33E91QS,Fact Point,VUIYJQ7LE468,94.17,94.17,,
595,YVYGP432,Affect Simply,P7XMGG7OL3N3,454.19,454.19,,
596,5O0387UJ,He Fire,97B2DHJ9B7RI,51.98,51.98,,
597,2ILHQX5Q,Continue Interesting,VGKY27ES9GWM,216.04,216.04,,
598,2IYSJ8ML,General Those,EEFCWYLJ0ISD,265.29,265.29,,
599,X1G1G8ED,Station Break,IXG4GIUWZNAC,357.62,357.62,,
600,S5U3R33G,Need Enter,45U5PO6KMCI4,11.45,11.45,,
601,PV5JERYY,Relate Discover,L9ZGDK5AFORH,137.56,137.56,,
602,HBIYDOZS,Very Month,PMWOM4UHVYG4,54.24,54.24,,
603,OHP94GEY,Car Challenge,QK28HMP16PZY,288.17,288.17,,
604,EN32FPHM,Police Will,UB93YQ8LUTSC,351.68,351.68,,
605,I0XTK0AE,Hit Cut,L5J4EAIAVC3J,286.97,286.97,,
606,KJQWRHGD,Then Similar,WMIVVAGMTRPQ,289.73,289.73,,
607,FV2A82U0,Action Attention,QU8YAEN5NL16,435.42,435.42,,
608,APS3U50D,Skin Thus,UXLX293JQ4TD,305.88,305.88,,
609,PYR50QUG,Computer Its,8A1M68I7X2LR,104.9,104.9,,
610,2XQLZDMK,Ten Else,3PUS9JOZ0X58,245.32,245.32,,
611,PO37B9S9,Four Decade,6T9MLJR7M0DN,124.55,124.55,,
612,CNF9H2CG,Social Record,JRAO9FRH2RPB,138.31,138.31,,
613,5036DN15,Different Probably,W9L1R4HMMXRH,408.95,408.95,,
614,YYWNAFOX,Wall Rate,56DSH0KG79Z1,267.33,267.33,,
615,ZXA3EJ45,Provide Somebody,HJD9EDJ8NGLS,40.64,40.64,,
616,YNDMHEPF,Call Behind,QZY1VPEMZCKL,236.81,236.81,,
617,LBJ5LFWV,Trip Available,PSO65GUEI1Y7,164.01,164.01,,
618,P6TFGQ6D,Former Then,AOUBKK9LAE3N,302.82,302.82,,
619,XZL18Y4S,Year Man,4G8XSTYZGJ5F,323.97,323.97,,
620,F2NWRYQS,Late Style,R2ZEB9FBZ8LE,234.33,234.33,,
621,XZOKCXIL,Coach So,F2UD0ED3W4FS,243.34,243.34,,
622,T28SDZIB,Issue Away,Z5OBNXFF5LRW,370.27,370.27,,
623,05SZLOL2,Green Together,NL0BXLID5LUO,438.77,438.77,,
624,5GOT2Y41,Individual Test,LJDJ7QOOGFNX,488.77,488.77,,
625,1NCI0L54,They Meet,73XPZO76BSDA,339.98,339.98,,
626,4PCBPKKR,Sea Around,AAOIO0VDON7W,183.39,183.39,,
627,KDJMTWSS,Until He,C72FCZUX2MOF,279.76,279.76,,
628,4ZWRN0HR,Year Question,FY87RMQRVBYF,199.6,199.6,,
629,OFJEVR9B,Final Bill,VDZVCLYJWPH8,422.91,422.91,,
630,GMHJ1990,Wide Hot,WOX4GX4TVM32,230.61,230.61,,
631,MKT333RO,Work Into,VW4QZ1W54FSC,363.24,363.24,,
632,7P5MXEZ5,The Meeting,ZF516C0MY699,51.24,51.24,,
633,Q4T3R911,Daughter Thank,ITUD1DVKG6AL,495.7,495.7,,
634,LS32833C,Easy Dream,4V51NRG5MLUF,104.57,104.57,,
635,B0UTIQ50,Before Writer,ED1UYSQ82JAC,20.47,20.47,,
636,KKJ8WYZ3,Front Everybody,BLU2JV4AONQL,74.71,74.71,,
637,M00LE700,Read Authority,3S3SB2YJHG2Z,131.07,131.07,,
638,5S5O530U,World Major,CYO49AV0LHP1,214.05,214.05,,
639,9K5I8VR1,If Look,XS273DTME9N0,375.72,375.72,,
640,56FBR2J5,Somebody Fish,5DBI9DAZYF25,72.67,72.67,,
641,O5SAER7A,Country Manager,83AW682DDMVP,162.47,162.47,,
642,03MQ0OUH,College Must,TFANV7RCMGA3,372.94,372.94,,
643,SR8207GE,After Standard,G9UWYXKF9AMW,476.7,476.7,,
644,7DPUMYXK,Population Never,1X0DABFCLI29,410.04,410.04,,
645,BUSJHCPH,Realize Page,C7WETX2E0POB,179.21,179.21,,
646,KHSIRTJJ,Federal Feeling,83HF1Z25S832,244.85,244.85,,
647,OFD6640E,Large More,ULL9M3Z0NUM0,275.51,275.51,,
648,PR5P32DZ,Fine Provide,9RW3KJ093UO9,48.97,48.97,,
649,H571DD6A,Politics Arm,ZEQ10TG5T5I0,442.97,442.97,,
650,KNMXJRFH,Stage Plan,FVE2WF7RZY2Y,490.12,490.12,,
651,3ZYC6IYY,New Couple,LYODNHENTWWF,453.87,453.87,,
652,MNLU6OEO,Lay Focus,IFVRRHDB0DU9,332.19,332.19,,
653,8DMIOBEO,Especially Could,RBV4BE05VJ9A,467.99,467.99,,
654,WYD3732T,Significant Would,BIXURIGZBDRH,178.33,178.33,,
655,0Q8J3F54,Agreement Ever,DVHR76017HV2,416.19,416.19,,
656,8JRUPWER,Million Industry,X0FHBX7BURWK,12.4,12.4,,
657,JS8ERY04,Read Prepare,P6O0HYXF3E6G,141.38,141.38,,
658,YJEH1OYZ,Laugh Today,ROFGGBL1GUQ1,160.28,160.28,,
659,DVJC5IWA,Once Make,6HDAJPZ0VYP2,153.2,153.2,,
660,2EA85DF6,Bit Sea,SYPJIEG5VUIP,247.23,247.23,,
661,KOCNIIP2,Mother Why,KCH5S3Q62BFJ,383.12,383.12,,
662,NF4RZM17,Over Eye,VP4J86ON92P2,48.97,48.97,,
663,PDDUH6K2,Season Doctor,RZ2OIT06A1M4,314.1,314.1,,
664,Y9TEJ19Y,Open Share,E6GA89GBDMZM,384.31,384.31,,
665,QHH2MS49,Build Talk,LHSRZ0P0AT3P,195.11,195.11,,
666,AMJ23JIG,Dog Wrong,TDBA8LHI655B,346.86,346.86,,
667,50NF2XEL,Agree Institution,GF6UHYMK1AWN,441.41,441.41,,
668,DV3ROJEF,Stay Relationship,2K5N8IWUEL3D,40.43,40.43,,
669,PYBSYOES,Lawyer Network,UDRO11NZ6GP8,131.99,131.99,,
670,PF7G551P,Describe Thus,GCNE1T2WNF1C,134.81,134.81,,
671,UFSK380O,From Lead,2GFFM69LUUVF,362.37,362.37,,
672,LEECMR05,Property Scientist,PBE40FDHCQYN,62.76,62.76,,
673,T17XG706,Station Face,JQKIHSS237AV,351.26,351.26,,
674,71GJGNVX,Hard Account,E0JYLG2HELWS,389.66,389.66,,
675,UHC2X5W4,Enjoy Add,44BUGHFMEXV5,27.17,27.17,,
676,10EN8198,Phone Church,EECE9RP85AAV,316.02,316.02,,
677,5LSLB2PZ,Change Price,AMG0SZ2RCXC3,321.45,321.45,,
678,PMZKM1JZ,Center World,U67LCBWFYLL7,154.75,154.75,,
679,YC3BEYZV,Meet Class,MBY51U5CXZXM,378.51,378.51,,
680,W4WOY2PM,Rate Wind,SICSROQ5ON13,246.08,246.08,,
681,2AO3L1J1,Southern Kid,V0WPQBSCGS2B,205.47,205.47,,
682,L8LIGRO4,Every Operation,SMQGJXPBO6VG,56.66,56.66,,
683,EVG0GLIF,Bank Newspaper,NZCMIVWGX8QW,65.67,65.67,,
684,9XSCA1OZ,Contain Hear,ZUHL4R76P9D5,300.61,300.61,,
685,DEW6FNZZ,Great Dinner,S6HUKFZYLQDD,193.86,193.86,,
686,NLPNWZ9Y,No Worker,ZFU24QLLMDCN,395.47,395.47,,
687,ZRV2ZX4F,Head Have,6NYOXAYURFL7,480.82,480.82,,
688,V8IBYXFW,Down Box,9L25CDQLG04B,189.19,189.19,,
689,YZDSVAV0,Happy Music,1QEN4O0AU5IY,415.73,415.73,,
690,ITTUFSGQ,Hundred Blood,11WGPKESRYR2,292.15,292.15,,
691,V5U1EUGC,Cell Someone,ODT9IQGBPN3C,417.57,417.57,,
692,65J7VC3P,Late Hundred,8I305TYNQ7IK,62.3,62.3,,
693,QIE0P0XD,Use Effect,VWI24Z0EO2LV,355.28,355.28,,
694,WNZPK87T,Place Single,ZJQF918KB7SS,329.94,329.94,,
695,JQECQ9XR,Yes Agency,AYR8VMGJ9HZN,488.33,488.33,,
696,7CZTFTLA,Government Travel,T4VVMKI1FHD9,470.41,470.41,,
697,4E2RSPUP,Can Above,7S8K61BFNJV4,386.5,386.5,,
698,A2N7AJM8,We Half,1Q69WODKK79N,280.88,280.88,,
699,6M8QDUZW,Floor Then,IHROVBDF9QZ2,140.39,140.39,,
700,NLGFMCLL,Student Stay,FIQSA3VSS3AJ,118.26,118.26,,
701,XVJPS7Z3,Do Lose,YZ5R6C6NRTJT,122.41,122.41,,
702,X6LEDVP7,Mr Assume,CX5ASO924KWX,458.92,458.92,,
703,VVVHXWCT,Phone These,V7D8288SJ990,127.66,127.66,,
704,2G7KA0IT,Price Quickly,NQX2G2B2O2HA,497.59,497.59,,
705,6J4UAK9B,Tough Office,JEOIHWFE07H2,469.72,469.72,,
706,ORRQJHLQ,Begin Stage,OM82SMT1VV7H,246.31,246.31,,
707,IYK599CT,Experience Within,QIK843GMXB79,235.16,235.16,,
708,G4GFQFU5,Response Administration,230X0T8AXIQT,286.99,286.99,,
709,6LK9AZV0,Firm Off,WUER318ZJ3KU,144.24,144.24,,
710,P4U5WW1M,Write Along,1KJ3MSWFTQ2G,146.88,146.88,,
711,10UXVHJ9,College Leg,5TBVZZ1095DP,180.25,180.25,,
712,L75JY0RM,White Meeting,GGOSNVK13C31,333.62,333.62,,
713,7J4LMIH9,Decision Off,HYQFG69AL0UX,104.34,104.34,,
714,X6FC97GG,Effect Dark,FXRBBBAA71J1,231.13,231.13,,
715,4NM862ZT,Much Program,3U3HLNFJYEW3,323.85,323.85,,
716,H7R1UMZG,Lose Family,0HFV1N4J56NX,275.25,275.25,,
717,9G1FZW5M,Impact Exactly,YPQPY2H340UU,193.63,193.63,,
718,CHCWUKWT,Here Continue,DNYDNSN1EN4L,279.8,279.8,,
719,T0O3LSX9,Population Life,5D7B3Y1UZITD,295.59,295.59,,
720,KRYI9LPF,Quality Anyone,URL2II6W3WKQ,119.41,119.41,,
721,3GOYG5TR,Without Second,RXKHKN7WXRZ1,346.65,346.65,,
722,RU3LHV48,Within Help,0VM9QDRHKJEU,159.71,159.71,,
723,NSDEKYSB,Vote Middle,85V102R0OEAR,460.71,460.71,,
724,XEZ90ZHO,Close Audience,8Y60T2B0WZWW,210.64,210.64,,
725,SATZGA6V,Marriage Huge,HOJIZYS99B7I,374.16,374.16,,
726,43LCH1G4,Either Upon,ULA1GLLXMDFJ,23.45,23.45,,
727,VT63SYTN,Yourself Leg,M1XRRF6SAFS9,491.8,491.8,,
728,5NBHHG3W,Wish Eye,LS4N4H4GOCVB,196.91,196.91,,
729,EMEMZYL8,Tax Evening,9FIJ4M12IGVR,193.63,193.63,,
730,S3X33QDW,Manager Poor,A6PPJEBAOZC9,427.09,427.09,,
731,5I5R95CR,Significant Power,RHQIRP19QDVV,292.08,292.08,,
732,QZDU1WU1,Quality Two,68J76LS7LTC8,261.83,261.83,,
733,ELU14HXN,Forget Cut,8QMCI4KM8YXH,141.52,141.52,,
734,1XV6WV7X,Peace Early,HVI5GC5P1GFM,80.28,80.28,,
735,INAIA4DT,Everything Economic,5X4GKI6C83K4,435.92,435.92,,
736,H1SJK89N,Mean Subject,92P5HNP63KH4,104.97,104.97,,
737,L9F7CLRB,Raise Book,0EYV1V388932,465.99,465.99,,
738,NH8KL0AT,Ask My,WL73B3DZ8C0T,371.65,371.65,,
739,WA9CR5SV,Similar Measure,NMXYFUGOX4PN,226.04,226.04,,
740,KJ9EHGAF,Animal Part,YTPB109M1SFW,13.81,13.81,,
741,U05QRHH9,Son Field,0TIGSXMU1AEO,496.6,496.6,,
742,LJ77SZPX,Somebody Claim,OACSYMOEWRR0,415.4,415.4,,
743,YAHVAJJL,Leg Child,PJMRRGOGPQVX,359.49,359.49,,
744,CX54VPPQ,Thought Professor,837J2M95NVWS,53.97,53.97,,
745,L0K0REQT,Fly Huge,4SCI6A9DJAH1,288.82,288.82,,
746,JMRUOVEX,Glass Standard,ERC7LIQ94O3M,341.34,341.34,,
747,GA9HOXRG,Energy Protect,4MWRD1GVLJ33,208.47,208.47,,
748,CJ5R8BQ3,Last Style,UXU2601KPGS7,28.67,28.67,,
749,ZJSSCJNH,West Really,WCT3KZES3C1V,335.24,335.24,,
750,71UGL0KZ,Against One,GFD6RQSHXGEI,185.09,185.09,,
751,D4MQANXP,Among Only,0C7LQ1K3OEY3,396.89,396.89,,
752,ONZKUXQE,Air Security,R5UGR2SPROKJ,196.52,196.52,,
753,Q5USC2MR,Increase Science,B8DQ2JMWSKGC,444.95,444.95,,
754,PIAL2VPO,Key Moment,3CSC6IV21Z91,51.02,51.02,,
755,BZ1FBQZW,Majority Natural,85O6OKONNS8F,393.26,393.26,,
756,KVE56XH7,Official Difference,E9XTMG7SXHZL,486.54,486.54,,
757,I0B5URO4,Heart In,R7BJ08VJXYVK,219.09,219.09,,
758,PJE35MVZ,Matter Medical,RGIMCE14U34G,169.64,169.64,,
759,J2KE2C4Y,He Any,GH1OS7T8T4IM,263.17,263.17,,
760,5N51NHHE,Direction Event,3B3RUGEUCKIB,185.21,185.21,,
761,6CDR5KJI,Five A,NC1UEIDA4PZ4,80.35,80.35,,
762,L71N0Q06,Coach House,EEEHR07188QR,247.52,247.52,,
763,I3AU9Z85,Tree Small,E8N2BTUFZDP3,450.56,450.56,,
764,DE47NF98,Open Development,TZHEB59NDFXQ,148.44,148.44,,
765,AGOWJ7QB,Quickly Cost,W3OHMX08ZR4A,211.35,211.35,,
766,C0L0E5UR,Decade Radio,PI5WWULIK2OE,305.14,305.14,,
767,9YOQ4417,Mention Fear,2JGNLI1TMDFN,66.67,66.67,,
768,EOQSGGDH,Where Card,X9WOXLTWS7LV,145.17,145.17,,
769,9HKBWKWE,Half Body,VBKTV68MLO5A,246.94,246.94,,
770,IE9YDHB4,Onto Power,73COA4PK1I93,340.07,340.07,,
771,Z608CCPR,Toward Like,7940MM5DBGLW,11.14,11.14,,
772,GSHP7R8C,During Fact,AJEGYPL8HHX1,314.79,314.79,,
773,F6P3U5AM,Town Month,F6VKHXHZU612,64.28,64.28,,
774,COCWL2TV,Soldier Raise,QO9RD50T8IUX,310.73,310.73,,
775,V2JWJDNH,Wife Pressure,AIN1ZP3O9Q8Y,486.76,486.76,,
776,YE7RUOZJ,Today Economic,0QU5U0OB66NU,212.55,212.55,,
777,MWF4DS71,Raise Beat,SKBR3IZAG9PD,198.33,198.33,,
778,09ZK99DU,Value Box,ZREWT56XDLG4,317.85,317.85,,
779,L9K2A092,Energy Skin,JMO310ERU9GG,237.79,237.79,,
780,R8LWH3RD,Together Bill,KAKYCTZLQUBH,196.83,196.83,,
781,FZT0HMHG,Measure Near,VHV8B9W5EZO2,95.6,95.6,,
782,CW0VJDHY,Safe Heart,9YV7L8XYA58M,81.79,81.79,,
783,LTJCIH9B,Return Test,AGJC80YPI4H0,364.9,364.9,,
784,E9KTIWT0,Fast Notice,TFOF31MX4D67,255.26,255.26,,
785,01ZHJASI,Reality Member,8DYE39GZ9WF7,399.62,399.62,,
786,PRQ8EPCV,Consumer Although,CVYKCYPF5LJ1,152.82,152.82,,
787,1RZ1AVLU,Although Assume,XHEJ5J9GCLB6,23.23,23.23,,
788,Q18YKX06,Number Tv,BZICGT20V7EF,346.61,346.61,,
789,CDV9A6PL,Around Six,SZB88Q7DM5CX,186.27,186.27,,
790,LH4SWC0W,Enjoy Cover,FOXSQYNRXFEA,269.52,269.52,,
791,EH9IWC2E,Ability Blue,D3O6T1XALFOB,251.21,251.21,,
792,T92BGD7P,Detail Evening,1LWQML8OOFMI,324.53,324.53,,
793,BCDPCGHS,However Dinner,ZIBV97234YHK,270.35,270.35,,
794,78YGR0ZD,Should Of,BM2E2W09TJF9,246.83,246.83,,
795,EV4YWIYH,Same Amount,EHX2WRNGSXHF,277.12,277.12,,
796,F6LV6FE9,Happen Most,5UYP0GE1X9MR,301.89,301.89,,
797,8FEURINK,Art She,N4JOC8WI1CQ2,266.85,266.85,,
798,FX3FK986,Continue Strategy,QZ5STSZ5E5PA,202.89,202.89,,
799,CCFGMU5J,Skin Student,2D6IFZMEZ9KS,384.57,384.57,,
800,UV6010RE,Offer Campaign,7WDJ9FQYDNKE,435.31,435.31,,
801,8UTYUFSL,Industry Move,7D4W0UHT9Z5K,209.96,209.96,,
802,VE9CD093,Organization Serve,GWJ5RIVEQLP5,41.36,41.36,,
803,CG36UUPP,Summer Loss,ISVM1O5YSKL2,368.16,368.16,,
804,7Y681FGX,Control Truth,4896BE7IM30Z,284.97,284.97,,
805,F3WBZMH2,Her Method,7FSVKV99H9A3,294.53,294.53,,
806,9HR303F7,Drop Side,MRQWBXGWUTZ4,86.32,86.32,,
807,EIAVTZ2O,Less Material,WE79Q68JE712,236.77,236.77,,
808,U1KUX610,Human Situation,ACJLR668YDMR,304.55,304.55,,
809,ETU0KK6O,Oil Ago,5HZUTEXHHSKG,497.98,497.98,,
810,QPER64IX,Drop Office,PNNFLFM967IJ,309.94,309.94,,
811,3D09K6QF,Him Account,7EHGTQ3OKFKZ,26.0,26.0,,
812,50KJI70F,Several Line,RL4DRO1BNTO8,169.12,169.12,,
813,9CF6NE4A,As Relate,AQV3HH4RIWVM,355.59,355.59,,
814,CIKCS3UT,Stay Manager,J5DN7IF84AMP,12.63,12.63,,
815,89ZDVOG4,Movie Various,OZOB8DGWV3RL,14.3,14.3,,
816,R5P5EFMB,Stock Themselves,YOEY89VQVNJM,42.56,42.56,,
817,Q7E4CM4H,Test Whose,SRT7YKLDCZ72,412.32,412.32,,
818,F7R0U8HH,Friend Always,4KN5Y59FL6QF,92.32,92.32,,
819,8G8L7MBW,Treatment Bank,PMZTP0USOSNR,15.17,15.17,,
820,FOSRU91N,You Wish,X0XJWG3TLWHG,92.79,92.79,,
821,UBKF433Z,Accept Middle,6ODBQBQQF503,142.03,142.03,,
822,APZTN87M,Under Expert,HQ2YXW3A9MOB,294.01,294.01,,
823,ON3MOL0G,Society Federal,FIDSVOHPJA7I,267.42,267.42,,
824,GGPJ8K0E,More Agent,L1JY5MULEDV5,359.72,359.72,,
825,9FUYBKRB,Behind Source,PBVKCKS66URD,486.69,486.69,,
826,UTIPX8D0,Include Can,DJXHRL2DEJGJ,19.91,19.91,,
827,913D0NK3,Blue Believe,QSD7RRE1KDYN,306.19,306.19,,
828,3T32AVHE,Figure Second,N5OAG9GSUY4M,394.96,394.96,,
829,KQZZ1HUR,Fight Accept,LVZITS0AKJJF,187.61,187.61,,
830,VSMXKGQW,Them Training,MSSN2QJBWEA9,18.13,18.13,,
831,34WPI8GK,Rich As,83O4O0800XXX,159.04,159.04,,
832,A0M9BD8T,Ever Democrat,T5AA5U40A6HO,177.15,177.15,,
833,WQVUABWR,Customer Thus,6L7RV7XEUQHE,450.94,450.94,,
834,O0V2M9II,Arrive Figure,WPC8IGMOYGC4,381.47,381.47,,
835,TJK4S7P0,Imagine Good,3RM7RV829WCL,401.14,401.14,,
836,FJGO8VHW,Science International,62L5OJXTNGFV,72.21,72.21,,
837,TGMRCGMM,Tough Need,5FBOX50NIFYR,71.98,71.98,,
838,T1SH4W76,Behind Serious,8YK279KAFBTT,272.32,272.32,,
839,N4IMB7IA,Challenge Act,SWTLCMVOEYOT,335.34,335.34,,
840,Q3MGR03P,Education Rise,R0TFV575H66M,163.79,163.79,,
841,Z79TYJAZ,But Effect,BCIUHYKQ0RLI,230.88,230.88,,
842,69OHXSN4,Hot Culture,1NVVQGP5WX3G,210.76,210.76,,
843,1KRH9DOU,Agreement Message,9RX0W7SVMOHA,249.61,249.61,,
844,T4QWEOWJ,Establish Treatment,EK2QP75RH3AS,281.32,281.32,,
845,TLHZ4XWA,Worry Open,J771PWTZ6KK0,357.44,357.44,,
846,FUC131M6,Model Body,HXVUUWVWG23D,318.93,318.93,,
847,CXVPCT7E,Majority Break,F388GE04UJ83,234.73,234.73,,
848,O4KFSXQM,Employee Possible,A608EEZQFBV2,82.73,82.73,,
849,1TV46B0K,Stay Evidence,F1W1KD5MYCP1,146.44,146.44,,
850,KO9COGIP,Event Into,WPN49WONOCCO,361.27,361.27,,
851,V184V1OG,Few Agree,6C9M830JEYCP,242.52,242.52,,
852,JW7MGM1Y,Probably Southern,QCC95L5X8NTW,218.9,218.9,,
853,5KO8EMMS,Our Art,N2XM8MWH6583,94.42,94.42,,
854,X2PE9TLY,Magazine Old,026DITW8HNTI,162.32,162.32,,
855,JAVKTEI3,Daughter Explain,UKR2VIIYHVFX,238.24,238.24,,
856,O3EJX07Z,Them Friend,4GUG5S7TEBT2,280.04,280.04,,
857,YOGVOC2U,Really Expert,NILUWKMMTCCI,200.47,200.47,,
858,JY0FECR5,Still Ball,W4HSHUESYW04,135.93,135.93,,
859,5H7RVIVT,When They,PHKLUP5RUDS1,194.58,194.58,,
860,TCWLTGQL,Letter Moment,CT1NQ4PNHSDZ,123.89,123.89,,
861,S7NSARIJ,Soon Affect,LB2DSFF55RWG,321.11,321.11,,
862,D8EI9SFE,Pull National,5VU5IT3K9Z8B,42.3,42.3,,
863,ZW6NLLGD,Be However,BU2X3XBGATO1,100.28,100.28,,
864,N4XCZYM2,Respond Plant,U5RYAISAXAMS,88.31,88.31,,
865,8VCNUGI5,Security Record,QYBABJHTT7XI,330.68,330.68,,
866,3A5CO0K9,Magazine Other,KY5NEOSUPBLS,16.22,16.22,,
867,W7PK2EVA,Provide Western,H4X6389B3CQP,65.65,65.65,,
868,Q56JNGVX,North Stuff,YVW75YQ597K4,287.36,287.36,,
869,L03B6J59,Call Job,GKMHQYNTDKVC,55.12,55.12,,
870,WGPJKPVS,Realize Question,8MHXNOIIWSTE,456.64,456.64,,
871,1UUT93N9,Tax Keep,VT13UFDFPXJK,480.76,480.76,,
872,OD8RSLMO,Term Quickly,YAOKCE158BAC,200.95,200.95,,
873,TBDX4KZQ,Language Country,8N1Y531XNFBY,139.36,139.36,,
874,PBSBUYJ4,Window Kitchen,RUQ06973CJGA,18.71,18.71,,
875,KF24AHR1,Movement Ahead,I84W2M8L9ZA0,208.29,208.29,,
876,NYHLYXD9,Right Chance,WURJDH9C9WCK,93.72,93.72,,
877,ODFLTV0U,World Beat,Y8WCJ0NHDFUU,234.85,234.85,,
878,XPU2TXQ6,Economic Animal,FZYPX0H4CLCF,130.19,130.19,,
879,7OZ1KRLX,Truth Good,3HN613L3ENNS,96.98,96.98,,
880,3G5MTGKV,Need Leader,B83X4HRM2MHM,308.75,308.75,,
881,F88KQSM6,Hundred Hard,RM2VWI1LUXX8,107.29,107.29,,
882,5G7DEBSO,Set Analysis,BJXVA5C78IZ0,120.84,120.84,,
883,NZNONG0X,Him Start,1387L5LLQAW5,208.36,208.36,,
884,9AMY95RH,Wall Never,2IL51R2Y6KTN,143.34,143.34,,
885,UYX2SWI1,Kind Bring,GN395ULG4XQ9,26.69,26.69,,
886,URI0IMWP,Cause West,NGSLT4XE5JP5,390.52,390.52,,
887,NA1JU1SK,Kid Move,SBG7MQ6B98HV,286.36,286.36,,
888,HI28G755,Idea Follow,CVMYCBLMUD0Z,51.7,51.7,,
889,P92ASTNJ,Something Theory,JD8W4UD51ZR7,261.74,261.74,,
890,QUTSFFVD,According Above,LSFN2T5T4U4Y,435.21,435.21,,
891,4XQUMV3P,Discuss Red,0ROIIS7499FX,112.97,112.97,,
892,JU1CKW6M,Sure Approach,MR5L9B6C5KB5,390.67,390.67,,
893,3F9N2K2W,A Seven,31SON1FFUG4L,198.79,198.79,,
894,HO57M9B0,Campaign Agency,3MC708U6BVX6,271.22,271.22,,
895,DNSBIF9O,Analysis Late,XIOR7UTVFU99,379.48,379.48,,
896,AY471PKS,Such Call,QI1XZ0BM6VNP,178.12,178.12,,
897,DJHYUC9X,Near Question,E7VDPOSWTRBV,435.58,435.58,,
898,HAXRI6FU,Lead Western,83YNXY6O9E7E,359.86,359.86,,
899,VKKYUXJD,Throughout Common,S5O0A3RI9MGL,70.48,70.48,,
900,QFRVAWZD,Value Sense,SU88ZXTMW5BD,254.69,254.69,,
901,3NK80EV9,Grow Whose,3BT3O5S6UB6M,406.3,406.3,,
902,M6XQ72CL,Describe Draw,3JI2T58N14G1,303.53,303.53,,
903,O1YGQ8QT,Major Space,IQDX6B80X5CP,381.67,381.67,,
904,23R2J5S4,Instead Treatment,8GXZP1TSQTNI,61.38,61.38,,
905,X07DGSUV,Action Option,SJGYIY7DB2TR,350.9,350.9,,
906,TPBO8B4L,Environment Coach,B93JA8XPGW2T,459.26,459.26,,
907,09F3E41H,Himself Simply,PVAP17X0HA8J,175.76,175.76,,
908,PZHQW74L,Type Civil,MIC3RX4FA4U1,322.76,322.76,,
909,IMD0CW2J,A Worry,6LZ1O26QKMM0,490.63,490.63,,
910,W6L299QQ,Situation Wrong,87HX6UGMQ63R,193.46,193.46,,
911,CKYKPVE4,Day Different,E2MB4MESKJ3H,330.98,330.98,,
912,LZ6YZGRR,Left Cover,39155QA4VUM7,296.4,296.4,,
913,E7G4U30B,Human Find,1NWJMY6VNFU1,482.81,482.81,,
914,GCHRMU1V,Argue Ball,QPU2308O1Z4M,245.16,245.16,,
915,P894HRS1,Cold Party,IRCMGQK4FX4O,261.8,261.8,,
916,CJZ2H80L,Pick International,5XZX1GCJ2Z5M,405.72,405.72,,
917,BOE5KMM2,Rate My,CO6ZQ4NW8QNN,175.63,175.63,,
918,V0Q2B2GU,Exist Thing,799MKORI2FWX,282.11,282.11,,
919,1A402SLS,Moment Never,09IWLYHEYZ0T,459.67,459.67,,
920,6QVDACLH,Should Mind,MP509NN64EYZ,31.89,31.89,,
921,JVDPDX7H,Industry Stock,AHW5CE83LE90,42.51,42.51,,
922,HIJL2C69,West Feeling,C56THPQIR7A9,469.04,469.04,,
923,1RUFP6F0,Medical Just,6F24UHHK8GCH,271.57,271.57,,
924,BTNMU8L0,Position Sing,MSW6KKG9AHC3,261.47,261.47,,
925,C6GYGL0D,Appear Nothing,H9Z5FH0COQVR,170.56,170.56,,
926,BF0XEHDJ,Whole Pressure,9L9SDM9EXL3A,229.72,229.72,,
927,DTI9XHGG,Morning Feeling,JBPQK256ZGA4,103.01,103.01,,
928,WZPK76H8,Fast Page,OMRQ1RYRY355,250.5,250.5,,
929,XZYAVB92,Market Activity,I6D7B1CPBXJ7,175.08,175.08,,
930,GNW7H88D,Catch Certain,IEIUK6JAHHZT,148.57,148.57,,
931,LZ39JZ0L,More Successful,N8SR3GUM4XP5,439.42,439.42,,
932,H6YDNS96,Recent Eye,UAWRT5O02YVI,100.25,100.25,,
933,8JWLGOR7,Wind Model,06S0CNCIBN92,321.75,321.75,,
934,4UYB7SMN,Hospital Number,7GWJHH838IB3,435.97,435.97,,
935,A8LXFZ3L,Test Number,0X0XIKP38LDF,477.79,477.79,,
936,5K6332SK,Hour Some,RH1Q3H2WN06Z,158.64,158.64,,
937,806GXZ8R,Development Water,1FYBY4KGDEIH,335.71,335.71,,
938,DIAHQB0O,Write Tonight,NK9R43N87TAK,345.88,345.88,,
939,MXIRCFIC,Task Yeah,TGJEUA87O6ZD,289.5,289.5,,
940,JXBAOI6W,We Peace,5HDZS12RG0VM,390.32,390.32,,
941,LJPLM2VO,Wait Lead,58OHHYTA63X9,178.17,178.17,,
942,MIAMC7SR,President Nothing,LEGY68S89800,153.57,153.57,,
943,AHYW23J0,Wait Will,A13IMOAO2CGH,251.1,251.1,,
944,UR3DEZFD,Sure Either,4U8O0UVR9BZ1,222.12,222.12,,
945,VKFIOQ1O,Spend Grow,ETFE2M369NEB,453.62,453.62,,
946,AXKI2Y9D,Rock Fund,ET46Q7BQPZ7O,147.6,147.6,,
947,YNUJFKCG,Program Group,KPABG4RVLDAH,233.61,233.61,,
948,V1IC7OF2,Parent Movie,HVHUXDPEJV4B,262.93,262.93,,
949,GT9LDYLA,Address Everybody,JEQ58Q8Q61GA,471.59,471.59,,
950,H21PV8NL,Now Half,HZNBXXAI4EVG,65.73,65.73,,
951,FVII9AL3,Sign Agent,LJNA8Z730ZRX,322.25,322.25,,
952,M7D7H879,Prove Special,6BQV47WB9OG2,305.45,305.45,,
953,PIA6MSMG,Like Animal,YIKOJ6IJQYI3,267.71,267.71,,
954,HVDSYECM,Environmental Civil,1CR3MKXWXG34,371.57,371.57,,
955,K4CHUORN,Smile Different,LNZ0G1WYWFJZ,136.76,136.76,,
956,LADYU641,Four Performance,KXKLHZL1V1AK,180.34,180.34,,
957,UOG2JROR,Glass Threat,LILN4HUMEJB7,441.51,441.51,,
958,1PTZ4M88,Sometimes Probably,LVKQTQ7WUY8K,457.96,457.96,,
959,9PAG7PYE,Team First,PS1T0J2B6ET6,487.39,487.39,,
960,6ZR8ZATG,Sort Morning,IO10FAS165AW,53.8,53.8,,
961,5FHLXPW2,Car Discussion,N3WQDAFGJ22A,57.36,57.36,,
962,SHL11C42,Help Rise,8ZHY6PXJ25G6,306.47,306.47,,
963,XJ5JAPZK,Reveal Seven,AZ7E03LDSOWQ,472.31,472.31,,
964,5GX1I0M1,Rest Way,LDJU5367LN2L,482.94,482.94,,
965,T5QLVV5Z,Policy Central,6CI1VN3HM9L9,135.4,135.4,,
966,CHLRXPGT,Series Guess,4D3P6O2EA1N4,135.44,135.44,,
967,YQ0LJ90P,Strong Specific,YDQOXJZ6AC29,450.61,450.61,,
968,9WNJ6FWF,Black Avoid,DKBZ3GZCCIW7,239.89,239.89,,
969,ULTAHD8K,Student Must,X1VAB39XSJKO,467.87,467.87,,
970,8CSW8PCY,Partner Professor,6MFHPQXWZMVU,411.83,411.83,,
971,RK1RBAFE,Level Response,LW0N4EIRUHQ2,72.38,72.38,,
972,PV1LATWF,House Quality,HYVRLCFB7C0H,469.06,469.06,,
973,9L57EXXG,Can Pull,N3X2I7RQXI98,431.31,431.31,,
974,3Y6V1RVU,Bad Type,IY8DECTBPRM1,23.35,23.35,,
975,4SVAXU7T,Appear Short,2CN0JVCR6Q7M,32.11,32.11,,
976,YSNFCSX2,Prepare Build,7TESC75ZWAAN,253.13,253.13,,
977,22HBIUSR,Fund Final,MRGLYHMRZJF2,84.7,84.7,,
978,B9CDDK35,Sense Others,ZJZPJVCBMEPQ,26.24,26.24,,
979,FEAP0G1K,Party Away,2PRRAEG3RJN6,115.03,115.03,,
980,BQF8BR4P,Kid Society,9WGOS6W2HMAJ,347.39,347.39,,
981,DY9SBYHQ,However Specific,9YJYU9A5QD4O,447.25,447.25,,
982,MRWMWGRW,If Science,8UL2FN73F85B,196.34,196.34,,
983,HV8Q39IO,Great Way,BSEJ6HLKW2RV,12.45,12.45,,
984,UFH06ZOC,Put Everything,FBQU6YARNZOQ,332.96,332.96,,
985,DK4QTON7,Get He,50P5YIRBIQJ2,373.94,373.94,,
986,XR4DMEFZ,Future Available,OWS2TRI2ZT9L,183.22,183.22,,
987,VJFDQ29W,Yet Simply,XEWHQUFX58JM,150.96,150.96,,
988,QE5HZ0LM,Source Western,O9S9G9PBCCFS,393.8,393.8,,
989,S99FIEJU,Mrs Full,KEHWQ3VW3YGW,125.44,125.44,,
990,8WWGR0PO,Actually Art,1UY3XBYLOZ4N,29.57,29.57,,
991,8WQMHVQG,Enter Accept,10NF77D84ZA2,312.97,312.97,,
992,6ZHSXOOX,Represent Music,695TU3DET9RR,91.95,91.95,,
993,ZU5Z10Z1,Face According,FHGMCH81XJKS,266.97,266.97,,
994,1HO36BGT,Hair Local,1LGCBFVZLG96,469.97,469.97,,
995,ELYO4A37,Political Economic,GT9W1EXDNXY9,349.28,349.28,,
996,5LIEUOTO,Single Executive,XKKQZFI1A5ZR,244.07,244.07,,
997,OOGBR4X3,Generation Building,MFX3P0SJAGIH,133.25,133.25,,
998,E1Z9VG1J,So Prove,M6N4OUXWG92L,175.27,175.27,,
999,KR91Y9FQ,Without Front,DIGLMCAFLRDF,295.45,295.45,,
