,PurchaseId,ProductId,PurchaseDate,QuantityPurchased,PurchasePrice,SupplierName,SupplierContactInfo
0,,SSIY7ZMP,,,493.57,,
1,,MCR9LYZ9,,,476.52,,
2,,YIXPV6FR,,,472.31,,
3,,ZALZSS4U,,,407.74,,
4,,KDZA6L77,,,412.45,,
5,,S377UOIH,,,143.57,,
6,,K83LV6YK,,,250.13,,
7,,3VU19X94,,,450.96,,
8,,67IEEV4Z,,,410.24,,
9,,IEL2OUJX,,,302.96,,
10,,521KFFW8,,,52.96,,
11,,L544FPT2,,,164.62,,
12,,BLU9CZBI,,,146.25,,
13,,B9C8W5O6,,,384.11,,
14,,SFALI5R1,,,99.91,,
15,,A0JBJIIG,,,199.49,,
16,,W7FIXABP,,,163.29,,
17,,EK4X7GG4,,,169.51,,
18,,1JTL5350,,,364.82,,
19,,Z0UODJR5,,,251.52,,
20,,ZM5HVR3J,,,59.04,,
21,,1UWTXNG4,,,431.43,,
22,,KLAH0YED,,,213.68,,
23,,YWG66IA1,,,478.77,,
24,,E7DF46GB,,,267.58,,
25,,L0A0YOGQ,,,209.15,,
26,,68QN2YZE,,,347.12,,
27,,5INYEG6Q,,,207.04,,
28,,N7P462P4,,,250.36,,
29,,QILZDHSC,,,246.5,,
30,,DK0OBT0S,,,420.26,,
31,,QAB3NFSU,,,104.5,,
32,,7XUO9JII,,,297.91,,
33,,S3OBCNYG,,,280.01,,
34,,C1FCK4HD,,,166.42,,
35,,3NVXE1KR,,,368.73,,
36,,4KUX8Y35,,,73.28,,
37,,6SW9Z516,,,393.16,,
38,,W3D6XEX4,,,33.04,,
39,,BO3J0F8X,,,318.35,,
40,,SBQKZ740,,,44.84,,
41,,C7XDEV6D,,,432.14,,
42,,YEQ6Y959,,,484.02,,
43,,1ILJNCPB,,,259.64,,
44,,XM0W5H99,,,87.82,,
45,,SYV39QCL,,,440.93,,
46,,SRMXFT8L,,,37.25,,
47,,ZIJWCPB3,,,369.44,,
48,,C2SXP08T,,,138.75,,
49,,5XUDPDIX,,,320.33,,
50,,LCP3YLF1,,,306.48,,
51,,T5SVH65A,,,173.44,,
52,,YYCGGV8D,,,81.12,,
53,,VBYJB98O,,,405.54,,
54,,XZQMQL9M,,,19.28,,
55,,LGK4WRWH,,,397.87,,
56,,NBOGHRAY,,,487.48,,
57,,ZVHI4TK1,,,44.12,,
58,,5VNO67LR,,,128.54,,
59,,SOD0ZPN0,,,484.28,,
60,,84XBFS43,,,241.19,,
61,,7VUO3K1O,,,384.79,,
62,,9ZP7OAH5,,,209.75,,
63,,NACYAYP1,,,416.32,,
64,,LM8S7GE9,,,252.32,,
65,,OOC4DY7L,,,232.97,,
66,,ANDDFWMR,,,32.77,,
67,,JTWHB1G2,,,129.07,,
68,,Z2ECBIX2,,,211.78,,
69,,2ECN2D1X,,,392.09,,
70,,DXG9ZU1V,,,355.05,,
71,,SOQD5ICL,,,252.91,,
72,,10REGNFL,,,211.56,,
73,,LZHXPGGP,,,352.94,,
74,,8UKXMSA1,,,11.43,,
75,,YIBXNMY1,,,245.0,,
76,,M5SN2OLI,,,342.68,,
77,,QO8PXDGR,,,144.33,,
78,,5WNGOCW5,,,341.66,,
79,,ATQC6FAU,,,128.12,,
80,,UR4GOX56,,,191.75,,
81,,59B7Z5GA,,,378.29,,
82,,G3FFOO3A,,,220.94,,
83,,OG38LPKH,,,409.13,,
84,,AQ3M3F6W,,,84.84,,
85,,029HGEIX,,,396.66,,
86,,JUZJSGUI,,,470.62,,
87,,XR8XQN0N,,,199.83,,
88,,05F3NOOI,,,374.26,,
89,,6MDIN1MM,,,188.83,,
90,,HAFB95R5,,,214.63,,
91,,SC1GNEPM,,,220.52,,
92,,MJ3D3LOS,,,394.32,,
93,,AK8BNNRW,,,339.26,,
94,,RBDZ2608,,,496.8,,
95,,87SDD7FO,,,208.44,,
96,,8AUGQ4PV,,,119.85,,
97,,8SNGEKR5,,,249.78,,
98,,A41BYSYV,,,122.6,,
99,,VRXMO3KM,,,304.15,,
100,,QB8B5QZ6,,,181.96,,
101,,VIWPUCMJ,,,212.58,,
102,,3A7WXW92,,,142.87,,
103,,SKRVWTWE,,,498.56,,
104,,MCKIWT7X,,,269.01,,
105,,NNOB4MSC,,,226.21,,
106,,O8IRJ9FW,,,320.39,,
107,,OODOBMO0,,,68.11,,
108,,DL9K0JPY,,,422.66,,
109,,K4GALF6G,,,163.06,,
110,,W1OL2J7K,,,55.65,,
111,,FFYIAXFT,,,487.15,,
112,,WLS4YG7U,,,308.52,,
113,,T0CA0VI9,,,313.77,,
114,,G6NPTDOC,,,156.06,,
115,,LGCD0BTH,,,400.31,,
116,,S3ATWPMP,,,252.29,,
117,,UD9AR85N,,,324.12,,
118,,DS32OC18,,,103.31,,
119,,FKKYCDHD,,,337.58,,
120,,4X9MOQBZ,,,176.05,,
121,,ONNPZV3M,,,278.79,,
122,,98Q597WI,,,434.18,,
123,,5WSVBGT4,,,315.73,,
124,,BC9LY2HP,,,316.78,,
125,,4UHFVGHJ,,,155.8,,
126,,CAL71WZG,,,449.59,,
127,,LSED0PK9,,,317.3,,
128,,0UYC7WOT,,,472.22,,
129,,OZ4G743D,,,387.14,,
130,,3RKYAFW0,,,349.52,,
131,,S0RB1UG5,,,57.12,,
132,,907AMJ0H,,,253.54,,
133,,9BF5N5GZ,,,265.64,,
134,,MY71TB08,,,485.26,,
135,,ZB51GZFY,,,177.8,,
136,,YTSNFUEX,,,125.23,,
137,,6BKDI4X9,,,414.19,,
138,,JE9VWLDP,,,328.02,,
139,,BVVQWCR1,,,20.38,,
140,,A0KLH997,,,301.18,,
141,,7HPUN4EJ,,,335.83,,
142,,3QX5WROK,,,174.29,,
143,,6554P7DR,,,180.33,,
144,,5HE3Q3BV,,,355.18,,
145,,97ITR7CC,,,230.19,,
146,,PAMCGK31,,,167.48,,
147,,88AA8YB6,,,343.5,,
148,,SO9L7D59,,,312.96,,
149,,38UTIWBG,,,38.86,,
150,,ZH008SZ1,,,226.29,,
151,,6180NYAR,,,150.52,,
152,,0KZUQUNG,,,445.32,,
153,,9G3SASI5,,,327.98,,
154,,39QX8N1V,,,464.47,,
155,,5YO1F87I,,,465.91,,
156,,TM41U8YR,,,292.55,,
157,,N8C13GZ4,,,424.9,,
158,,0TKMN04W,,,278.35,,
159,,CYBZ7WH7,,,367.8,,
160,,HDVCR422,,,479.32,,
161,,PK12UA57,,,68.75,,
162,,IQ2UR8KI,,,219.05,,
163,,SEGWXT8Q,,,141.4,,
164,,LV4I5DLY,,,409.12,,
165,,V45NA4QL,,,332.96,,
166,,S928MKR5,,,69.88,,
167,,EUTTL256,,,473.54,,
168,,JIWC211A,,,397.01,,
169,,QQPGCVPJ,,,469.61,,
170,,I4PI80D2,,,232.77,,
171,,WY5HWZ01,,,452.28,,
172,,OH80OOVB,,,294.5,,
173,,YX2U2XXK,,,478.12,,
174,,NOX5WQRQ,,,311.69,,
175,,P5Y7RFKW,,,470.76,,
176,,GVFY8KBS,,,117.61,,
177,,ES43XOT1,,,183.87,,
178,,0XP4ZIQJ,,,234.88,,
179,,UZ7P1JG1,,,211.84,,
180,,9BERJU0I,,,70.06,,
181,,ZUDJQOFS,,,17.35,,
182,,X5Z97GVR,,,257.6,,
183,,5V2GBPOC,,,386.55,,
184,,FLW9Q1HI,,,340.85,,
185,,0OBDDTFO,,,163.7,,
186,,U8ZELD8V,,,278.82,,
187,,VZP86B3G,,,293.56,,
188,,2JRNA1ND,,,477.84,,
189,,Y1UW06W7,,,313.0,,
190,,I9PMBVPV,,,79.54,,
191,,1G4RS75D,,,427.61,,
192,,I87VC1QH,,,319.94,,
193,,E4OCLM85,,,446.94,,
194,,SAB1YESA,,,258.86,,
195,,L8FS3D5C,,,408.33,,
196,,FUHU0XK0,,,374.19,,
197,,23ODYL1H,,,139.35,,
198,,4NVYYHC0,,,496.04,,
199,,MJKYESE4,,,423.59,,
200,,S53ADXC9,,,384.01,,
201,,U8F7JCU6,,,382.66,,
202,,627BJKLL,,,50.48,,
203,,5W8JWZH2,,,453.4,,
204,,888NV3WD,,,82.52,,
205,,RIIPJU4F,,,205.19,,
206,,Z1D36GUZ,,,252.35,,
207,,3BEM2PXL,,,402.88,,
208,,R0UASKFS,,,275.56,,
209,,9ZDQ9U3P,,,440.48,,
210,,3W3XSVF2,,,25.76,,
211,,Y51ESCF9,,,30.17,,
212,,WWH7PYTR,,,90.59,,
213,,BHW3GQE7,,,258.71,,
214,,G1IOQ2PQ,,,368.26,,
215,,FPUBDVMX,,,300.47,,
216,,WJOZMKC0,,,154.1,,
217,,D2RHT0IY,,,254.96,,
218,,PU9WNLI2,,,276.1,,
219,,X92S0S0C,,,379.32,,
220,,DYE21R2T,,,120.22,,
221,,NA41VLDP,,,14.72,,
222,,FYTE2Z1D,,,453.94,,
223,,9EYUJDOJ,,,150.97,,
224,,ES4BEOMP,,,120.9,,
225,,L0I6FTLD,,,17.18,,
226,,91RXWASQ,,,343.51,,
227,,D0DTEANE,,,107.19,,
228,,0ZWOQ2PV,,,470.11,,
229,,XJCO10VM,,,438.71,,
230,,3M1JPC9P,,,151.96,,
231,,R18E9PJ7,,,256.33,,
232,,BIG5KYJH,,,216.7,,
233,,RKJZHSMZ,,,170.13,,
234,,3J7LF7PY,,,426.59,,
235,,UXOYY2G7,,,214.82,,
236,,LKVW5JKD,,,369.69,,
237,,B3L21GF0,,,195.14,,
238,,NNXQFRLG,,,288.51,,
239,,QFR7ALI5,,,249.11,,
240,,UXQKHE1C,,,251.93,,
241,,F6EY8TE6,,,336.2,,
242,,T69P4F5E,,,143.48,,
243,,ZA9WGNML,,,295.51,,
244,,M6FUEGL8,,,332.03,,
245,,TZD5QJ4Z,,,201.13,,
246,,SRJ96135,,,315.09,,
247,,VHEZR8CU,,,91.39,,
248,,L7H6U8X7,,,434.4,,
249,,JTWFTRNT,,,161.4,,
250,,YC173CJU,,,491.12,,
251,,P2SFSTIF,,,80.03,,
252,,O16IIMX5,,,488.86,,
253,,Y7A5IQD3,,,131.23,,
254,,0PU2TSZE,,,87.67,,
255,,JX4BRCBP,,,64.51,,
256,,81MGBOBJ,,,331.86,,
257,,CT8HR0E2,,,155.61,,
258,,2DV78IBF,,,424.4,,
259,,SZ7M77MH,,,301.8,,
260,,BHRVX2SV,,,306.85,,
261,,0A223XME,,,261.61,,
262,,FZJ2B1HQ,,,447.95,,
263,,LACS187O,,,63.76,,
264,,SFRDPMY1,,,132.72,,
265,,VQ70FHVG,,,422.95,,
266,,A86UAVG5,,,153.38,,
267,,FKWROFJP,,,492.22,,
268,,3G45JAM2,,,390.81,,
269,,UDRTZ63O,,,305.29,,
270,,TNORHE0C,,,299.38,,
271,,HTLW8QHY,,,316.84,,
272,,8RZID3Y5,,,151.72,,
273,,Q771BFWY,,,279.22,,
274,,WKRPRAFV,,,114.07,,
275,,2JKA2SGE,,,131.18,,
276,,KMYWNXAU,,,174.78,,
277,,XFI0M2VZ,,,63.7,,
278,,ZBAD4RIW,,,387.54,,
279,,AGQ3HD83,,,381.75,,
280,,YIB82C3L,,,97.39,,
281,,VZJG8PAL,,,414.67,,
282,,A8QVOCVR,,,327.87,,
283,,XFSUSPIP,,,22.55,,
284,,4MNIDW61,,,251.73,,
285,,P3NE3CLO,,,266.59,,
286,,M4P2MRS7,,,167.26,,
287,,P23HVFGB,,,421.56,,
288,,5DCIDZF4,,,311.19,,
289,,QOZSD6EH,,,495.51,,
290,,1GF85AWT,,,276.19,,
291,,W1MARLMN,,,91.57,,
292,,J5SMOOCM,,,237.17,,
293,,5O6A38XF,,,201.41,,
294,,39XJSWNZ,,,26.42,,
295,,PUME6HM0,,,345.01,,
296,,WGUAGDWT,,,51.37,,
297,,ECWTNJSF,,,150.37,,
298,,M91GPV5N,,,128.22,,
299,,X5YH3KRB,,,12.76,,
300,,L0JTBOFT,,,288.64,,
301,,CYQVD9AH,,,235.91,,
302,,9MBSO82X,,,169.71,,
303,,E2DHETKZ,,,473.07,,
304,,O02NPUM2,,,277.21,,
305,,505IOE1U,,,380.41,,
306,,RSSJLX3G,,,123.58,,
307,,F1GENGIW,,,56.81,,
308,,9MVTI6UZ,,,223.6,,
309,,BPQ8FBOO,,,213.15,,
310,,EF8AO40N,,,194.49,,
311,,Q74HN3PX,,,207.53,,
312,,HB8H62C8,,,297.38,,
313,,WC39QXZW,,,54.05,,
314,,B24RKEUO,,,300.04,,
315,,MMDO8MYZ,,,449.22,,
316,,TOM8OMC4,,,278.27,,
317,,IDXEARZR,,,446.97,,
318,,EGRDF850,,,204.48,,
319,,7ZEY16KL,,,112.05,,
320,,EWH2LAJU,,,404.14,,
321,,H5CYMPV8,,,490.9,,
322,,DHCA7G8I,,,384.22,,
323,,E8543UJ2,,,411.82,,
324,,ZTUVYO3K,,,326.74,,
325,,CZF8CAY6,,,449.04,,
326,,U6SRVE2D,,,216.4,,
327,,F6P16H3D,,,467.26,,
328,,1VTTPSH7,,,35.96,,
329,,Q27I4OXZ,,,452.62,,
330,,XU84DYX8,,,199.31,,
331,,JH0AUTVD,,,375.67,,
332,,04E2FG0P,,,485.53,,
333,,4X7UT8RR,,,236.74,,
334,,QJY2ANYL,,,375.56,,
335,,PLZR4ROL,,,202.54,,
336,,94TFIXBG,,,224.28,,
337,,G79D2WFK,,,115.16,,
338,,PKG05XJB,,,166.62,,
339,,ERQ5X0YW,,,69.6,,
340,,9FQZQ241,,,325.14,,
341,,8JQ7U5AJ,,,85.49,,
342,,MVK70G03,,,227.11,,
343,,8620HF98,,,84.16,,
344,,O35GHR7Y,,,207.74,,
345,,R3AAZPQQ,,,334.58,,
346,,2MU1I6F7,,,188.11,,
347,,2UFB0K5X,,,232.79,,
348,,1BKWJJ8C,,,339.74,,
349,,92MI3PDE,,,285.84,,
350,,OONLQQ4G,,,118.3,,
351,,7ALWSCX3,,,321.03,,
352,,EU56WP1S,,,93.2,,
353,,JUS549LY,,,98.63,,
354,,Y8IHD7N6,,,332.94,,
355,,SQ4VF67H,,,328.09,,
356,,HVLK1PWO,,,66.97,,
357,,XBERZZBE,,,63.81,,
358,,11HXEAH5,,,172.42,,
359,,CY3SJ90E,,,140.8,,
360,,YSM0YLN1,,,222.21,,
361,,3QJZIYPM,,,339.24,,
362,,2TYAFQRE,,,428.06,,
363,,VWW55P1C,,,298.66,,
364,,8B5S3BR0,,,333.14,,
365,,4SD0905Q,,,288.83,,
366,,ZEGXTASX,,,255.83,,
367,,SYIQ37PH,,,324.63,,
368,,SZZKH0NO,,,447.04,,
369,,4QR4JLHW,,,297.44,,
370,,RN64KHA8,,,492.73,,
371,,U84CYP2A,,,90.73,,
372,,K9TBNZ9U,,,12.64,,
373,,ECUTUY7T,,,330.06,,
374,,O3SFZM5W,,,351.43,,
375,,L7QPOXTU,,,417.25,,
376,,3U35OF5K,,,65.27,,
377,,9LIFILGS,,,380.09,,
378,,BWNSR5NL,,,168.87,,
379,,HFG2C84W,,,370.16,,
380,,X8RZ2H9W,,,174.98,,
381,,NC6K6Q01,,,196.01,,
382,,N7LD8LBF,,,453.15,,
383,,V9MGQQZL,,,258.91,,
384,,JPGO5HRQ,,,28.87,,
385,,2GT2ZGRX,,,208.7,,
386,,GT9RTJFS,,,309.0,,
387,,6AMSO7SX,,,10.53,,
388,,ADP6XQ59,,,263.86,,
389,,BZDREJSW,,,387.89,,
390,,Y4TCTWZC,,,359.04,,
391,,ID9MAHP9,,,331.8,,
392,,9T28RS17,,,361.3,,
393,,4PJ8U12P,,,198.15,,
394,,RRB0VH9U,,,248.67,,
395,,XNQH85O9,,,140.83,,
396,,I6EA8PDU,,,157.24,,
397,,HNGHGUNJ,,,182.47,,
398,,S3V37O7V,,,64.94,,
399,,1C8VTZXI,,,424.12,,
400,,T6WZ6GXP,,,187.03,,
401,,GBZJP9J9,,,391.57,,
402,,YJJQZEFN,,,463.86,,
403,,WNIK6QRL,,,157.24,,
404,,L2XZIC5Y,,,227.96,,
405,,OWKFX218,,,269.86,,
406,,Z5HT0YY1,,,240.06,,
407,,KSYBC8F5,,,88.97,,
408,,3ANY2NF5,,,163.81,,
409,,S7QPETR7,,,406.12,,
410,,LC6KT3G7,,,132.85,,
411,,N5E9L5GG,,,423.7,,
412,,QOKFXD27,,,403.17,,
413,,MZKDRUWH,,,162.2,,
414,,550CA83Q,,,86.24,,
415,,HANO4VB8,,,252.52,,
416,,11WZEAMV,,,38.29,,
417,,2IIAVYPJ,,,422.7,,
418,,KGCMOLV1,,,359.73,,
419,,372ECW8Z,,,369.98,,
420,,6T6CINUC,,,407.19,,
421,,VNAGY6NN,,,264.13,,
422,,JIJ57YGL,,,446.58,,
423,,CFBVGID2,,,125.85,,
424,,1RKI4ZDX,,,69.24,,
425,,5NI964D4,,,495.23,,
426,,KUF8L6Y7,,,39.28,,
427,,CCF8DCOB,,,485.12,,
428,,Y7ZA06BA,,,469.66,,
429,,ERUUK779,,,269.1,,
430,,AXXCD0HR,,,378.62,,
431,,A4DCA2FC,,,36.6,,
432,,68R19O1S,,,72.33,,
433,,XELATVQK,,,491.66,,
434,,V3GRB4Z6,,,42.06,,
435,,JRUQRVFK,,,381.05,,
436,,IVU8WORQ,,,478.38,,
437,,5L9DI2AF,,,124.45,,
438,,6RVACB46,,,288.05,,
439,,PASBXEHJ,,,98.11,,
440,,WF6A1HY0,,,319.73,,
441,,RTETNE9C,,,325.44,,
442,,9JKQS76P,,,275.2,,
443,,R55CYEJ7,,,296.5,,
444,,KX5LNX5Q,,,499.41,,
445,,Y9SQ2UJR,,,107.65,,
446,,OBAA3KZF,,,320.29,,
447,,619I3ZF9,,,419.39,,
448,,DXTRAM4F,,,316.4,,
449,,5WMFNMWX,,,165.28,,
450,,RT9I48IK,,,303.96,,
451,,3LVEVXFQ,,,77.15,,
452,,40FDHFC2,,,369.08,,
453,,MIH23ET7,,,421.46,,
454,,38S88DL2,,,345.62,,
455,,YB96VR8C,,,122.41,,
456,,N94UXTK0,,,37.49,,
457,,EU66MVJS,,,116.62,,
458,,TILCXBXU,,,158.54,,
459,,3TX184GX,,,242.82,,
460,,YJ1HYOX5,,,225.55,,
461,,R8N7745J,,,278.99,,
462,,G1DDJAAC,,,465.35,,
463,,F8VCL5EI,,,439.88,,
464,,CQZ6AGUD,,,266.09,,
465,,AJ30QH5Y,,,55.69,,
466,,0763D9BY,,,305.3,,
467,,CALXRSUL,,,456.27,,
468,,L2MZ17QN,,,475.92,,
469,,8P1ZWJ9M,,,490.53,,
470,,5KF133OH,,,492.27,,
471,,LA5YSEE6,,,475.59,,
472,,GTGFM9RN,,,237.36,,
473,,O1G8D9PK,,,245.34,,
474,,FDLZS4KK,,,106.92,,
475,,FCM4O96O,,,457.3,,
476,,VMUGBCP0,,,305.29,,
477,,AQ6KZFSA,,,271.1,,
478,,35S8E4WO,,,430.41,,
479,,0LS732LI,,,175.74,,
480,,EU3BKHD4,,,214.52,,
481,,X5LHMV7N,,,285.68,,
482,,O71QDAXX,,,82.19,,
483,,ADCJUIY1,,,28.45,,
484,,YUDODJ0N,,,53.12,,
485,,SCE6E01W,,,305.03,,
486,,1JRCVGLB,,,21.06,,
487,,E747DL6R,,,84.42,,
488,,AIWNZQC5,,,12.56,,
489,,TCVODC98,,,323.38,,
490,,RGQQJD4D,,,73.89,,
491,,5REW0Q5Z,,,284.99,,
492,,2775EUI2,,,56.36,,
493,,NNMZBP28,,,204.76,,
494,,VTD67CM8,,,344.88,,
495,,3OZJRD6N,,,18.67,,
496,,J1BTPWQO,,,141.76,,
497,,23LAO2PE,,,309.17,,
498,,73UIK99L,,,338.75,,
499,,X5DM1O51,,,271.75,,
500,,XQIYKD26,,,281.82,,
501,,BVZ6VBSI,,,340.62,,
502,,3VSWKXWS,,,486.09,,
503,,BOUG34P3,,,477.28,,
504,,II7EXBBT,,,462.41,,
505,,HKUQ921V,,,281.12,,
506,,AF6BU4PA,,,459.13,,
507,,PYZFZXHV,,,452.7,,
508,,L3Z2Y5AX,,,291.02,,
509,,IBVR0D7P,,,189.85,,
510,,OPPKWULL,,,308.76,,
511,,FBV1AUTF,,,252.21,,
512,,U3YGZLL7,,,168.53,,
513,,TBLETST2,,,129.51,,
514,,KU77DMY4,,,295.86,,
515,,Z6GU7HRL,,,103.19,,
516,,15N8HMCJ,,,304.08,,
517,,QM1YY1XY,,,413.81,,
518,,WRODHAA7,,,81.21,,
519,,CRGFJ1PJ,,,337.89,,
520,,LTZ3KD5B,,,482.2,,
521,,GQL37G6L,,,47.55,,
522,,19RKGWDN,,,410.24,,
523,,VMXFJ95K,,,308.67,,
524,,A30OEQJI,,,225.93,,
525,,EIRH7VEG,,,475.65,,
526,,RWJR1IIY,,,462.13,,
527,,NN0N26J3,,,313.97,,
528,,29JV2XOJ,,,196.34,,
529,,TD0Q7RG4,,,118.15,,
530,,21JP36SY,,,368.88,,
531,,L0FNYN1C,,,255.7,,
532,,FXIQ8LQ7,,,382.65,,
533,,Z980P0GH,,,200.28,,
534,,W1R07236,,,358.79,,
535,,COGWGEOP,,,32.66,,
536,,28IBC4O9,,,41.37,,
537,,573J0DXX,,,436.39,,
538,,GUFEQNLY,,,325.28,,
539,,IAA59SO2,,,142.94,,
540,,WO35L0TN,,,419.77,,
541,,1K1IF9CC,,,296.23,,
542,,A9ZE9FDI,,,404.83,,
543,,L9HTKAHW,,,458.15,,
544,,TQP17JDB,,,308.64,,
545,,QIZ5NLF5,,,429.06,,
546,,A3R06477,,,354.64,,
547,,9ZSXJMZK,,,378.9,,
548,,7HKY1RD1,,,95.93,,
549,,Z047QH4O,,,159.02,,
550,,FXFMWG2G,,,481.29,,
551,,I3AHX4P9,,,159.75,,
552,,ND8AGPU3,,,14.64,,
553,,KN69VJ98,,,420.61,,
554,,FJFC9V17,,,496.02,,
555,,E5KXWSOS,,,29.52,,
556,,L44SRU3H,,,416.59,,
557,,2UEXWL6U,,,479.11,,
558,,CGSEAUWP,,,117.78,,
559,,N2MOPNGQ,,,353.55,,
560,,9RI5EL9R,,,273.58,,
561,,ZR9ZR24Z,,,168.74,,
562,,UF0FGT77,,,203.01,,
563,,YEKHAF7M,,,244.45,,
564,,3T43ZO5Q,,,426.55,,
565,,IRF02LA4,,,242.06,,
566,,C9P3G3DR,,,445.3,,
567,,LZHHUMUS,,,269.96,,
568,,GGKNC95H,,,118.91,,
569,,KSAT6OE0,,,31.18,,
570,,320O3WOF,,,149.7,,
571,,R071SK86,,,186.3,,
572,,F7FDQH9H,,,321.46,,
573,,H4SDEWHI,,,368.66,,
574,,ZD051LA6,,,202.39,,
575,,SOSKAXIB,,,307.64,,
576,,AK9C5ORD,,,281.87,,
577,,NW2JL3YE,,,270.29,,
578,,4X2B6UPC,,,374.96,,
579,,OXG0UWWA,,,489.19,,
580,,O3ZIMSMU,,,126.91,,
581,,6MEL363N,,,110.18,,
582,,HMDSOERM,,,55.87,,
583,,KW1RCLH3,,,457.73,,
584,,0SJ3EEXI,,,273.96,,
585,,UFZG6UBC,,,208.83,,
586,,6KRJTEKG,,,280.96,,
587,,6DLAY99Y,,,70.12,,
588,,TXP5D80T,,,318.13,,
589,,A6OT1CNJ,,,216.32,,
590,,V2A5Y8W9,,,498.27,,
591,,ZZRC31VW,,,202.69,,
592,,14XSTPX1,,,434.18,,
593,,IJK67P26,,,171.91,,
594,,I33E91QS,,,94.17,,
595,,YVYGP432,,,454.19,,
596,,5O0387UJ,,,51.98,,
597,,2ILHQX5Q,,,216.04,,
598,,2IYSJ8ML,,,265.29,,
599,,X1G1G8ED,,,357.62,,
600,,S5U3R33G,,,11.45,,
601,,PV5JERYY,,,137.56,,
602,,HBIYDOZS,,,54.24,,
603,,OHP94GEY,,,288.17,,
604,,EN32FPHM,,,351.68,,
605,,I0XTK0AE,,,286.97,,
606,,KJQWRHGD,,,289.73,,
607,,FV2A82U0,,,435.42,,
608,,APS3U50D,,,305.88,,
609,,PYR50QUG,,,104.9,,
610,,2XQLZDMK,,,245.32,,
611,,PO37B9S9,,,124.55,,
612,,CNF9H2CG,,,138.31,,
613,,5036DN15,,,408.95,,
614,,YYWNAFOX,,,267.33,,
615,,ZXA3EJ45,,,40.64,,
616,,YNDMHEPF,,,236.81,,
617,,LBJ5LFWV,,,164.01,,
618,,P6TFGQ6D,,,302.82,,
619,,XZL18Y4S,,,323.97,,
620,,F2NWRYQS,,,234.33,,
621,,XZOKCXIL,,,243.34,,
622,,T28SDZIB,,,370.27,,
623,,05SZLOL2,,,438.77,,
624,,5GOT2Y41,,,488.77,,
625,,1NCI0L54,,,339.98,,
626,,4PCBPKKR,,,183.39,,
627,,KDJMTWSS,,,279.76,,
628,,4ZWRN0HR,,,199.6,,
629,,OFJEVR9B,,,422.91,,
630,,GMHJ1990,,,230.61,,
631,,MKT333RO,,,363.24,,
632,,7P5MXEZ5,,,51.24,,
633,,Q4T3R911,,,495.7,,
634,,LS32833C,,,104.57,,
635,,B0UTIQ50,,,20.47,,
636,,KKJ8WYZ3,,,74.71,,
637,,M00LE700,,,131.07,,
638,,5S5O530U,,,214.05,,
639,,9K5I8VR1,,,375.72,,
640,,56FBR2J5,,,72.67,,
641,,O5SAER7A,,,162.47,,
642,,03MQ0OUH,,,372.94,,
643,,SR8207GE,,,476.7,,
644,,7DPUMYXK,,,410.04,,
645,,BUSJHCPH,,,179.21,,
646,,KHSIRTJJ,,,244.85,,
647,,OFD6640E,,,275.51,,
648,,PR5P32DZ,,,48.97,,
649,,H571DD6A,,,442.97,,
650,,KNMXJRFH,,,490.12,,
651,,3ZYC6IYY,,,453.87,,
652,,MNLU6OEO,,,332.19,,
653,,8DMIOBEO,,,467.99,,
654,,WYD3732T,,,178.33,,
655,,0Q8J3F54,,,416.19,,
656,,8JRUPWER,,,12.4,,
657,,JS8ERY04,,,141.38,,
658,,YJEH1OYZ,,,160.28,,
659,,DVJC5IWA,,,153.2,,
660,,2EA85DF6,,,247.23,,
661,,KOCNIIP2,,,383.12,,
662,,NF4RZM17,,,48.97,,
663,,PDDUH6K2,,,314.1,,
664,,Y9TEJ19Y,,,384.31,,
665,,QHH2MS49,,,195.11,,
666,,AMJ23JIG,,,346.86,,
667,,50NF2XEL,,,441.41,,
668,,DV3ROJEF,,,40.43,,
669,,PYBSYOES,,,131.99,,
670,,PF7G551P,,,134.81,,
671,,UFSK380O,,,362.37,,
672,,LEECMR05,,,62.76,,
673,,T17XG706,,,351.26,,
674,,71GJGNVX,,,389.66,,
675,,UHC2X5W4,,,27.17,,
676,,10EN8198,,,316.02,,
677,,5LSLB2PZ,,,321.45,,
678,,PMZKM1JZ,,,154.75,,
679,,YC3BEYZV,,,378.51,,
680,,W4WOY2PM,,,246.08,,
681,,2AO3L1J1,,,205.47,,
682,,L8LIGRO4,,,56.66,,
683,,EVG0GLIF,,,65.67,,
684,,9XSCA1OZ,,,300.61,,
685,,DEW6FNZZ,,,193.86,,
686,,NLPNWZ9Y,,,395.47,,
687,,ZRV2ZX4F,,,480.82,,
688,,V8IBYXFW,,,189.19,,
689,,YZDSVAV0,,,415.73,,
690,,ITTUFSGQ,,,292.15,,
691,,V5U1EUGC,,,417.57,,
692,,65J7VC3P,,,62.3,,
693,,QIE0P0XD,,,355.28,,
694,,WNZPK87T,,,329.94,,
695,,JQECQ9XR,,,488.33,,
696,,7CZTFTLA,,,470.41,,
697,,4E2RSPUP,,,386.5,,
698,,A2N7AJM8,,,280.88,,
699,,6M8QDUZW,,,140.39,,
700,,NLGFMCLL,,,118.26,,
701,,XVJPS7Z3,,,122.41,,
702,,X6LEDVP7,,,458.92,,
703,,VVVHXWCT,,,127.66,,
704,,2G7KA0IT,,,497.59,,
705,,6J4UAK9B,,,469.72,,
706,,ORRQJHLQ,,,246.31,,
707,,IYK599CT,,,235.16,,
708,,G4GFQFU5,,,286.99,,
709,,6LK9AZV0,,,144.24,,
710,,P4U5WW1M,,,146.88,,
711,,10UXVHJ9,,,180.25,,
712,,L75JY0RM,,,333.62,,
713,,7J4LMIH9,,,104.34,,
714,,X6FC97GG,,,231.13,,
715,,4NM862ZT,,,323.85,,
716,,H7R1UMZG,,,275.25,,
717,,9G1FZW5M,,,193.63,,
718,,CHCWUKWT,,,279.8,,
719,,T0O3LSX9,,,295.59,,
720,,KRYI9LPF,,,119.41,,
721,,3GOYG5TR,,,346.65,,
722,,RU3LHV48,,,159.71,,
723,,NSDEKYSB,,,460.71,,
724,,XEZ90ZHO,,,210.64,,
725,,SATZGA6V,,,374.16,,
726,,43LCH1G4,,,23.45,,
727,,VT63SYTN,,,491.8,,
728,,5NBHHG3W,,,196.91,,
729,,EMEMZYL8,,,193.63,,
730,,S3X33QDW,,,427.09,,
731,,5I5R95CR,,,292.08,,
732,,QZDU1WU1,,,261.83,,
733,,ELU14HXN,,,141.52,,
734,,1XV6WV7X,,,80.28,,
735,,INAIA4DT,,,435.92,,
736,,H1SJK89N,,,104.97,,
737,,L9F7CLRB,,,465.99,,
738,,NH8KL0AT,,,371.65,,
739,,WA9CR5SV,,,226.04,,
740,,KJ9EHGAF,,,13.81,,
741,,U05QRHH9,,,496.6,,
742,,LJ77SZPX,,,415.4,,
743,,YAHVAJJL,,,359.49,,
744,,CX54VPPQ,,,53.97,,
745,,L0K0REQT,,,288.82,,
746,,JMRUOVEX,,,341.34,,
747,,GA9HOXRG,,,208.47,,
748,,CJ5R8BQ3,,,28.67,,
749,,ZJSSCJNH,,,335.24,,
750,,71UGL0KZ,,,185.09,,
751,,D4MQANXP,,,396.89,,
752,,ONZKUXQE,,,196.52,,
753,,Q5USC2MR,,,444.95,,
754,,PIAL2VPO,,,51.02,,
755,,BZ1FBQZW,,,393.26,,
756,,KVE56XH7,,,486.54,,
757,,I0B5URO4,,,219.09,,
758,,PJE35MVZ,,,169.64,,
759,,J2KE2C4Y,,,263.17,,
760,,5N51NHHE,,,185.21,,
761,,6CDR5KJI,,,80.35,,
762,,L71N0Q06,,,247.52,,
763,,I3AU9Z85,,,450.56,,
764,,DE47NF98,,,148.44,,
765,,AGOWJ7QB,,,211.35,,
766,,C0L0E5UR,,,305.14,,
767,,9YOQ4417,,,66.67,,
768,,EOQSGGDH,,,145.17,,
769,,9HKBWKWE,,,246.94,,
770,,IE9YDHB4,,,340.07,,
771,,Z608CCPR,,,11.14,,
772,,GSHP7R8C,,,314.79,,
773,,F6P3U5AM,,,64.28,,
774,,COCWL2TV,,,310.73,,
775,,V2JWJDNH,,,486.76,,
776,,YE7RUOZJ,,,212.55,,
777,,MWF4DS71,,,198.33,,
778,,09ZK99DU,,,317.85,,
779,,L9K2A092,,,237.79,,
780,,R8LWH3RD,,,196.83,,
781,,FZT0HMHG,,,95.6,,
782,,CW0VJDHY,,,81.79,,
783,,LTJCIH9B,,,364.9,,
784,,E9KTIWT0,,,255.26,,
785,,01ZHJASI,,,399.62,,
786,,PRQ8EPCV,,,152.82,,
787,,1RZ1AVLU,,,23.23,,
788,,Q18YKX06,,,346.61,,
789,,CDV9A6PL,,,186.27,,
790,,LH4SWC0W,,,269.52,,
791,,EH9IWC2E,,,251.21,,
792,,T92BGD7P,,,324.53,,
793,,BCDPCGHS,,,270.35,,
794,,78YGR0ZD,,,246.83,,
795,,EV4YWIYH,,,277.12,,
796,,F6LV6FE9,,,301.89,,
797,,8FEURINK,,,266.85,,
798,,FX3FK986,,,202.89,,
799,,CCFGMU5J,,,384.57,,
800,,UV6010RE,,,435.31,,
801,,8UTYUFSL,,,209.96,,
802,,VE9CD093,,,41.36,,
803,,CG36UUPP,,,368.16,,
804,,7Y681FGX,,,284.97,,
805,,F3WBZMH2,,,294.53,,
806,,9HR303F7,,,86.32,,
807,,EIAVTZ2O,,,236.77,,
808,,U1KUX610,,,304.55,,
809,,ETU0KK6O,,,497.98,,
810,,QPER64IX,,,309.94,,
811,,3D09K6QF,,,26.0,,
812,,50KJI70F,,,169.12,,
813,,9CF6NE4A,,,355.59,,
814,,CIKCS3UT,,,12.63,,
815,,89ZDVOG4,,,14.3,,
816,,R5P5EFMB,,,42.56,,
817,,Q7E4CM4H,,,412.32,,
818,,F7R0U8HH,,,92.32,,
819,,8G8L7MBW,,,15.17,,
820,,FOSRU91N,,,92.79,,
821,,UBKF433Z,,,142.03,,
822,,APZTN87M,,,294.01,,
823,,ON3MOL0G,,,267.42,,
824,,GGPJ8K0E,,,359.72,,
825,,9FUYBKRB,,,486.69,,
826,,UTIPX8D0,,,19.91,,
827,,913D0NK3,,,306.19,,
828,,3T32AVHE,,,394.96,,
829,,KQZZ1HUR,,,187.61,,
830,,VSMXKGQW,,,18.13,,
831,,34WPI8GK,,,159.04,,
832,,A0M9BD8T,,,177.15,,
833,,WQVUABWR,,,450.94,,
834,,O0V2M9II,,,381.47,,
835,,TJK4S7P0,,,401.14,,
836,,FJGO8VHW,,,72.21,,
837,,TGMRCGMM,,,71.98,,
838,,T1SH4W76,,,272.32,,
839,,N4IMB7IA,,,335.34,,
840,,Q3MGR03P,,,163.79,,
841,,Z79TYJAZ,,,230.88,,
842,,69OHXSN4,,,210.76,,
843,,1KRH9DOU,,,249.61,,
844,,T4QWEOWJ,,,281.32,,
845,,TLHZ4XWA,,,357.44,,
846,,FUC131M6,,,318.93,,
847,,CXVPCT7E,,,234.73,,
848,,O4KFSXQM,,,82.73,,
849,,1TV46B0K,,,146.44,,
850,,KO9COGIP,,,361.27,,
851,,V184V1OG,,,242.52,,
852,,JW7MGM1Y,,,218.9,,
853,,5KO8EMMS,,,94.42,,
854,,X2PE9TLY,,,162.32,,
855,,JAVKTEI3,,,238.24,,
856,,O3EJX07Z,,,280.04,,
857,,YOGVOC2U,,,200.47,,
858,,JY0FECR5,,,135.93,,
859,,5H7RVIVT,,,194.58,,
860,,TCWLTGQL,,,123.89,,
861,,S7NSARIJ,,,321.11,,
862,,D8EI9SFE,,,42.3,,
863,,ZW6NLLGD,,,100.28,,
864,,N4XCZYM2,,,88.31,,
865,,8VCNUGI5,,,330.68,,
866,,3A5CO0K9,,,16.22,,
867,,W7PK2EVA,,,65.65,,
868,,Q56JNGVX,,,287.36,,
869,,L03B6J59,,,55.12,,
870,,WGPJKPVS,,,456.64,,
871,,1UUT93N9,,,480.76,,
872,,OD8RSLMO,,,200.95,,
873,,TBDX4KZQ,,,139.36,,
874,,PBSBUYJ4,,,18.71,,
875,,KF24AHR1,,,208.29,,
876,,NYHLYXD9,,,93.72,,
877,,ODFLTV0U,,,234.85,,
878,,XPU2TXQ6,,,130.19,,
879,,7OZ1KRLX,,,96.98,,
880,,3G5MTGKV,,,308.75,,
881,,F88KQSM6,,,107.29,,
882,,5G7DEBSO,,,120.84,,
883,,NZNONG0X,,,208.36,,
884,,9AMY95RH,,,143.34,,
885,,UYX2SWI1,,,26.69,,
886,,URI0IMWP,,,390.52,,
887,,NA1JU1SK,,,286.36,,
888,,HI28G755,,,51.7,,
889,,P92ASTNJ,,,261.74,,
890,,QUTSFFVD,,,435.21,,
891,,4XQUMV3P,,,112.97,,
892,,JU1CKW6M,,,390.67,,
893,,3F9N2K2W,,,198.79,,
894,,HO57M9B0,,,271.22,,
895,,DNSBIF9O,,,379.48,,
896,,AY471PKS,,,178.12,,
897,,DJHYUC9X,,,435.58,,
898,,HAXRI6FU,,,359.86,,
899,,VKKYUXJD,,,70.48,,
900,,QFRVAWZD,,,254.69,,
901,,3NK80EV9,,,406.3,,
902,,M6XQ72CL,,,303.53,,
903,,O1YGQ8QT,,,381.67,,
904,,23R2J5S4,,,61.38,,
905,,X07DGSUV,,,350.9,,
906,,TPBO8B4L,,,459.26,,
907,,09F3E41H,,,175.76,,
908,,PZHQW74L,,,322.76,,
909,,IMD0CW2J,,,490.63,,
910,,W6L299QQ,,,193.46,,
911,,CKYKPVE4,,,330.98,,
912,,LZ6YZGRR,,,296.4,,
913,,E7G4U30B,,,482.81,,
914,,GCHRMU1V,,,245.16,,
915,,P894HRS1,,,261.8,,
916,,CJZ2H80L,,,405.72,,
917,,BOE5KMM2,,,175.63,,
918,,V0Q2B2GU,,,282.11,,
919,,1A402SLS,,,459.67,,
920,,6QVDACLH,,,31.89,,
921,,JVDPDX7H,,,42.51,,
922,,HIJL2C69,,,469.04,,
923,,1RUFP6F0,,,271.57,,
924,,BTNMU8L0,,,261.47,,
925,,C6GYGL0D,,,170.56,,
926,,BF0XEHDJ,,,229.72,,
927,,DTI9XHGG,,,103.01,,
928,,WZPK76H8,,,250.5,,
929,,XZYAVB92,,,175.08,,
930,,GNW7H88D,,,148.57,,
931,,LZ39JZ0L,,,439.42,,
932,,H6YDNS96,,,100.25,,
933,,8JWLGOR7,,,321.75,,
934,,4UYB7SMN,,,435.97,,
935,,A8LXFZ3L,,,477.79,,
936,,5K6332SK,,,158.64,,
937,,806GXZ8R,,,335.71,,
938,,DIAHQB0O,,,345.88,,
939,,MXIRCFIC,,,289.5,,
940,,JXBAOI6W,,,390.32,,
941,,LJPLM2VO,,,178.17,,
942,,MIAMC7SR,,,153.57,,
943,,AHYW23J0,,,251.1,,
944,,UR3DEZFD,,,222.12,,
945,,VKFIOQ1O,,,453.62,,
946,,AXKI2Y9D,,,147.6,,
947,,YNUJFKCG,,,233.61,,
948,,V1IC7OF2,,,262.93,,
949,,GT9LDYLA,,,471.59,,
950,,H21PV8NL,,,65.73,,
951,,FVII9AL3,,,322.25,,
952,,M7D7H879,,,305.45,,
953,,PIA6MSMG,,,267.71,,
954,,HVDSYECM,,,371.57,,
955,,K4CHUORN,,,136.76,,
956,,LADYU641,,,180.34,,
957,,UOG2JROR,,,441.51,,
958,,1PTZ4M88,,,457.96,,
959,,9PAG7PYE,,,487.39,,
960,,6ZR8ZATG,,,53.8,,
961,,5FHLXPW2,,,57.36,,
962,,SHL11C42,,,306.47,,
963,,XJ5JAPZK,,,472.31,,
964,,5GX1I0M1,,,482.94,,
965,,T5QLVV5Z,,,135.4,,
966,,CHLRXPGT,,,135.44,,
967,,YQ0LJ90P,,,450.61,,
968,,9WNJ6FWF,,,239.89,,
969,,ULTAHD8K,,,467.87,,
970,,8CSW8PCY,,,411.83,,
971,,RK1RBAFE,,,72.38,,
972,,PV1LATWF,,,469.06,,
973,,9L57EXXG,,,431.31,,
974,,3Y6V1RVU,,,23.35,,
975,,4SVAXU7T,,,32.11,,
976,,YSNFCSX2,,,253.13,,
977,,22HBIUSR,,,84.7,,
978,,B9CDDK35,,,26.24,,
979,,FEAP0G1K,,,115.03,,
980,,BQF8BR4P,,,347.39,,
981,,DY9SBYHQ,,,447.25,,
982,,MRWMWGRW,,,196.34,,
983,,HV8Q39IO,,,12.45,,
984,,UFH06ZOC,,,332.96,,
985,,DK4QTON7,,,373.94,,
986,,XR4DMEFZ,,,183.22,,
987,,VJFDQ29W,,,150.96,,
988,,QE5HZ0LM,,,393.8,,
989,,S99FIEJU,,,125.44,,
990,,8WWGR0PO,,,29.57,,
991,,8WQMHVQG,,,312.97,,
992,,6ZHSXOOX,,,91.95,,
993,,ZU5Z10Z1,,,266.97,,
994,,1HO36BGT,,,469.97,,
995,,ELYO4A37,,,349.28,,
996,,5LIEUOTO,,,244.07,,
997,,OOGBR4X3,,,133.25,,
998,,E1Z9VG1J,,,175.27,,
999,,KR91Y9FQ,,,295.45,,
